{"v":"5.8.1","fr":30,"ip":0,"op":91,"w":1600,"h":1600,"nm":"Online Banking","ddd":0,"assets":[],"layers":[{"ddd":0,"ind":1,"ty":4,"nm":"Line 4","sr":1,"ks":{"o":{"a":0,"k":100},"r":{"a":0,"k":0},"p":{"a":0,"k":[800,800,0]},"a":{"a":0,"k":[0,0,0]},"s":{"a":0,"k":[100,100,100]}},"ao":0,"shapes":[{"ty":"gr","it":[{"ind":0,"ty":"sh","ks":{"a":0,"k":{"i":[[0,0],[0,0]],"o":[[0,0],[0,0]],"v":[[-454.632,182.644],[-276.872,182.174]],"c":false}},"nm":"Path 1","hd":false},{"ty":"st","c":{"a":0,"k":[0.007843137719,0.007843137719,0.007843137719,1]},"o":{"a":0,"k":100},"w":{"a":0,"k":1.7},"lc":2,"lj":2,"bm":0,"nm":"Stroke 1","hd":false},{"ty":"tr","p":{"a":0,"k":[0,0]},"a":{"a":0,"k":[0,0]},"s":{"a":0,"k":[100,100]},"r":{"a":0,"k":0},"o":{"a":0,"k":100},"sk":{"a":0,"k":0},"sa":{"a":0,"k":0},"nm":"Transform"}],"nm":"Group 1","bm":0,"hd":false},{"ty":"tm","s":{"a":0,"k":0},"e":{"a":1,"k":[{"i":{"x":[0.5],"y":[1]},"o":{"x":[0.167],"y":[0.167]},"t":60,"s":[0]},{"t":70,"s":[100]}]},"o":{"a":0,"k":0},"m":1,"nm":"Trim In Path","hd":false}],"ip":60,"op":112,"st":2,"bm":0},{"ddd":0,"ind":2,"ty":4,"nm":"Line 3","sr":1,"ks":{"o":{"a":0,"k":100},"r":{"a":0,"k":0},"p":{"a":0,"k":[800,800,0]},"a":{"a":0,"k":[0,0,0]},"s":{"a":0,"k":[100,100,100]}},"ao":0,"shapes":[{"ty":"gr","it":[{"ind":0,"ty":"sh","ks":{"a":0,"k":{"i":[[0,0],[0,0]],"o":[[0,0],[0,0]],"v":[[-454.964,57.447],[-277.204,56.976]],"c":false}},"nm":"Path 1","hd":false},{"ty":"st","c":{"a":0,"k":[0.007843137719,0.007843137719,0.007843137719,1]},"o":{"a":0,"k":100},"w":{"a":0,"k":1.7},"lc":2,"lj":2,"bm":0,"nm":"Stroke 1","hd":false},{"ty":"tr","p":{"a":0,"k":[0,0]},"a":{"a":0,"k":[0,0]},"s":{"a":0,"k":[100,100]},"r":{"a":0,"k":0},"o":{"a":0,"k":100},"sk":{"a":0,"k":0},"sa":{"a":0,"k":0},"nm":"Transform"}],"nm":"Group 1","bm":0,"hd":false},{"ty":"tm","s":{"a":0,"k":0},"e":{"a":1,"k":[{"i":{"x":[0.5],"y":[1]},"o":{"x":[0.167],"y":[0.167]},"t":58,"s":[0]},{"t":68,"s":[100]}]},"o":{"a":0,"k":0},"m":1,"nm":"Trim In Path","hd":false}],"ip":58,"op":110,"st":0,"bm":0},{"ddd":0,"ind":3,"ty":4,"nm":"Line 2","sr":1,"ks":{"o":{"a":0,"k":100},"r":{"a":0,"k":0},"p":{"a":0,"k":[800,800,0]},"a":{"a":0,"k":[0,0,0]},"s":{"a":0,"k":[100,100,100]}},"ao":0,"shapes":[{"ty":"gr","it":[{"ind":0,"ty":"sh","ks":{"a":0,"k":{"i":[[0,0],[0,0]],"o":[[0,0],[0,0]],"v":[[-454.632,182.644],[-276.872,182.174]],"c":false}},"nm":"Path 1","hd":false},{"ty":"st","c":{"a":0,"k":[0.007843137719,0.007843137719,0.007843137719,1]},"o":{"a":0,"k":100},"w":{"a":0,"k":1.7},"lc":2,"lj":2,"bm":0,"nm":"Stroke 1","hd":false},{"ty":"tr","p":{"a":0,"k":[0,0]},"a":{"a":0,"k":[0,0]},"s":{"a":0,"k":[100,100]},"r":{"a":0,"k":0},"o":{"a":0,"k":100},"sk":{"a":0,"k":0},"sa":{"a":0,"k":0},"nm":"Transform"}],"nm":"Group 1","bm":0,"hd":false},{"ty":"tm","s":{"a":0,"k":100},"e":{"a":1,"k":[{"i":{"x":[0.833],"y":[0.833]},"o":{"x":[0.5],"y":[0]},"t":50,"s":[0]},{"t":60,"s":[100]}]},"o":{"a":0,"k":0},"m":1,"nm":"Trim Out Path","hd":false}],"ip":0,"op":60,"st":0,"bm":0},{"ddd":0,"ind":4,"ty":4,"nm":"Line","sr":1,"ks":{"o":{"a":0,"k":100},"r":{"a":0,"k":0},"p":{"a":0,"k":[800,800,0]},"a":{"a":0,"k":[0,0,0]},"s":{"a":0,"k":[100,100,100]}},"ao":0,"shapes":[{"ty":"gr","it":[{"ind":0,"ty":"sh","ks":{"a":0,"k":{"i":[[0,0],[0,0]],"o":[[0,0],[0,0]],"v":[[-454.964,57.447],[-277.204,56.976]],"c":false}},"nm":"Path 1","hd":false},{"ty":"st","c":{"a":0,"k":[0.007843137719,0.007843137719,0.007843137719,1]},"o":{"a":0,"k":100},"w":{"a":0,"k":1.7},"lc":2,"lj":2,"bm":0,"nm":"Stroke 1","hd":false},{"ty":"tr","p":{"a":0,"k":[0,0]},"a":{"a":0,"k":[0,0]},"s":{"a":0,"k":[100,100]},"r":{"a":0,"k":0},"o":{"a":0,"k":100},"sk":{"a":0,"k":0},"sa":{"a":0,"k":0},"nm":"Transform"}],"nm":"Group 1","bm":0,"hd":false},{"ty":"tm","s":{"a":0,"k":100},"e":{"a":1,"k":[{"i":{"x":[0.833],"y":[0.833]},"o":{"x":[0.5],"y":[0]},"t":48,"s":[0]},{"t":58,"s":[100]}]},"o":{"a":0,"k":0},"m":1,"nm":"Trim Out Path","hd":false}],"ip":0,"op":58,"st":0,"bm":0},{"ddd":0,"ind":5,"ty":4,"nm":"mask I","td":1,"sr":1,"ks":{"o":{"a":0,"k":100},"r":{"a":0,"k":0},"p":{"a":0,"k":[433.25,744.938,0]},"a":{"a":0,"k":[-366.75,-55.063,0]},"s":{"a":0,"k":[100,100,100]}},"ao":0,"shapes":[{"ty":"gr","it":[{"ind":0,"ty":"sh","ks":{"a":0,"k":{"i":[[0,0],[0,0],[0,0]],"o":[[0,0],[0,0],[0,0]],"v":[[-392.75,-54.75],[-371.125,-38.375],[-340.75,-71.75]],"c":false}},"nm":"Path 1","hd":false},{"ty":"st","c":{"a":0,"k":[0.274509983437,0.513725968903,0.925490016563,1]},"o":{"a":0,"k":100},"w":{"a":0,"k":22},"lc":2,"lj":1,"ml":4,"bm":0,"nm":"Stroke 1","hd":false},{"ty":"tr","p":{"a":0,"k":[0,0]},"a":{"a":0,"k":[0,0]},"s":{"a":0,"k":[100,100]},"r":{"a":0,"k":0},"o":{"a":0,"k":100},"sk":{"a":0,"k":0},"sa":{"a":0,"k":0},"nm":"Transform"}],"nm":"Shape 1","bm":0,"hd":false},{"ty":"tm","s":{"a":0,"k":100},"e":{"a":1,"k":[{"i":{"x":[0.833],"y":[0.833]},"o":{"x":[0.5],"y":[0]},"t":38,"s":[0]},{"t":48,"s":[100]}]},"o":{"a":0,"k":0},"m":1,"nm":"Trim Out Path","hd":false}],"ip":0,"op":106,"st":0,"bm":0},{"ddd":0,"ind":6,"ty":4,"nm":"I","tt":2,"sr":1,"ks":{"o":{"a":1,"k":[{"i":{"x":[0.833],"y":[0.833]},"o":{"x":[0.167],"y":[0.167]},"t":68,"s":[100]},{"t":73,"s":[0]}]},"r":{"a":0,"k":0},"p":{"a":0,"k":[432.893,748.202,0]},"a":{"a":0,"k":[-367.107,-51.798,0]},"s":{"a":0,"k":[100,100,100]}},"ao":0,"shapes":[{"ty":"gr","it":[{"ind":0,"ty":"sh","ks":{"a":0,"k":{"i":[[0,0],[-7.422,-5.85],[-1.011,-0.838],[0,0],[-14.663,7.763],[0,0],[0.267,-0.332],[4.254,-5.636],[4.356,-5.501],[0.334,0.342],[0,0],[3.231,3.305],[-0.402,-0.162],[0,0]],"o":[[8.934,3.394],[1.027,0.822],[0,0],[9.032,-13.58],[0,0],[0.364,-0.192],[-4.052,5.647],[-4.286,5.683],[-0.284,0.384],[0,0],[-3.256,-3.195],[-0.302,-0.3],[0,0],[0,0]],"v":[[-392.633,-55.231],[-368.418,-40.64],[-365.901,-38.551],[-376.151,-37.959],[-341.629,-71.44],[-341.453,-71.526],[-340.937,-70.91],[-355.353,-51.538],[-370,-32.341],[-371.196,-32.259],[-382.271,-43.384],[-393.247,-54.611],[-392.804,-55.294],[-392.633,-55.231]],"c":true}},"nm":"Path 1","hd":false},{"ty":"fl","c":{"a":0,"k":[1,1,1,1]},"o":{"a":0,"k":100},"r":1,"bm":0,"nm":"Fill 1","hd":false},{"ty":"tr","p":{"a":0,"k":[0,0]},"a":{"a":0,"k":[0,0]},"s":{"a":0,"k":[100,100]},"r":{"a":0,"k":0},"o":{"a":0,"k":100},"sk":{"a":0,"k":0},"sa":{"a":0,"k":0},"nm":"Transform"}],"nm":"Group 1","bm":0,"hd":false}],"ip":0,"op":106,"st":0,"bm":0},{"ddd":0,"ind":7,"ty":4,"nm":"F 1-1","parent":16,"sr":1,"ks":{"o":{"a":0,"k":100},"r":{"a":1,"k":[{"i":{"x":[0.667],"y":[1]},"o":{"x":[0.333],"y":[0]},"t":34,"s":[0]},{"i":{"x":[0.667],"y":[1]},"o":{"x":[0.333],"y":[0]},"t":39,"s":[-10]},{"i":{"x":[0.667],"y":[1]},"o":{"x":[0.167],"y":[0]},"t":44,"s":[0]},{"i":{"x":[0.667],"y":[1]},"o":{"x":[0.333],"y":[0]},"t":72,"s":[0]},{"i":{"x":[0.667],"y":[1]},"o":{"x":[0.333],"y":[0]},"t":79,"s":[5]},{"t":86,"s":[0]}]},"p":{"a":0,"k":[-195.851,-189.32,0]},"a":{"a":0,"k":[-195.851,-189.32,0]},"s":{"a":0,"k":[100,100,100]}},"ao":0,"shapes":[{"ty":"gr","it":[{"ind":0,"ty":"sh","ks":{"a":0,"k":{"i":[[-20.938,8.94],[8.94,20.938],[20.938,-8.94],[-8.94,-20.938]],"o":[[20.938,-8.94],[-8.94,-20.938],[-20.938,8.94],[8.94,20.938]],"v":[[-179.85,-151.551],[-158.126,-205.65],[-212.225,-227.375],[-233.949,-173.275]],"c":true}},"nm":"Path 1","hd":false},{"ty":"fl","c":{"a":0,"k":[1,0.486274510622,0.317647069693,1]},"o":{"a":0,"k":100},"r":1,"bm":0,"nm":"Fill 1","hd":false},{"ty":"tr","p":{"a":0,"k":[0,0]},"a":{"a":0,"k":[0,0]},"s":{"a":0,"k":[100,100]},"r":{"a":0,"k":0},"o":{"a":0,"k":100},"sk":{"a":0,"k":0},"sa":{"a":0,"k":0},"nm":"Transform"}],"nm":"Group 1","bm":0,"hd":false},{"ty":"gr","it":[{"ind":0,"ty":"sh","ks":{"a":0,"k":{"i":[[4.013,26.776],[-59.846,2.682],[-6.925,0.396],[0,0]],"o":[[-5.763,-38.457],[7.646,-0.343],[0,0],[-51.748,1.377]],"v":[[-308.383,-177.944],[-219.353,-229.13],[-198.028,-230.629],[-195.851,-148.237]],"c":true}},"nm":"Path 1","hd":false},{"ty":"fl","c":{"a":0,"k":[1,0.486274510622,0.317647069693,1]},"o":{"a":0,"k":100},"r":1,"bm":0,"nm":"Fill 1","hd":false},{"ty":"tr","p":{"a":0,"k":[0,0]},"a":{"a":0,"k":[0,0]},"s":{"a":0,"k":[100,100]},"r":{"a":0,"k":0},"o":{"a":0,"k":100},"sk":{"a":0,"k":0},"sa":{"a":0,"k":0},"nm":"Transform"}],"nm":"Group 2","bm":0,"hd":false}],"ip":0,"op":106,"st":0,"bm":0},{"ddd":0,"ind":8,"ty":4,"nm":"mask coin","td":1,"sr":1,"ks":{"o":{"a":0,"k":100},"r":{"a":0,"k":0},"p":{"a":0,"k":[430,786.5,0]},"a":{"a":0,"k":[-370,-13.5,0]},"s":{"a":0,"k":[100,100,100]}},"ao":0,"shapes":[{"ty":"gr","it":[{"ty":"rc","d":1,"s":{"a":0,"k":[250,239]},"p":{"a":0,"k":[0,0]},"r":{"a":0,"k":0},"nm":"Rectangle Path 1","hd":false},{"ty":"fl","c":{"a":0,"k":[1,1,1,1]},"o":{"a":0,"k":100},"r":1,"bm":0,"nm":"Fill 1","hd":false},{"ty":"tr","p":{"a":0,"k":[-370,-5]},"a":{"a":0,"k":[0,0]},"s":{"a":0,"k":[100,100]},"r":{"a":0,"k":0},"o":{"a":0,"k":100},"sk":{"a":0,"k":0},"sa":{"a":0,"k":0},"nm":"Transform"}],"nm":"Rectangle 1","bm":0,"hd":false}],"ip":0,"op":106,"st":0,"bm":0},{"ddd":0,"ind":9,"ty":4,"nm":"coin 5","tt":2,"sr":1,"ks":{"o":{"a":0,"k":100},"r":{"a":0,"k":16.704},"p":{"a":1,"k":[{"i":{"x":0.667,"y":1},"o":{"x":0.167,"y":0.167},"t":36,"s":[408.758,633.487,0],"to":[0,0,0],"ti":[0,0,0]},{"t":46,"s":[408.758,773.487,0]}]},"a":{"a":0,"k":[-364.511,-177.177,0]},"s":{"a":0,"k":[100,100,100]}},"ao":0,"shapes":[{"ty":"gr","it":[{"ty":"gr","it":[{"ind":0,"ty":"sh","ks":{"a":0,"k":{"i":[[-1.408,2.546],[0.649,2.386],[2.836,3.19],[1.367,2.141],[-3.786,6.848],[-4.474,1.426],[-5.147,-2.116],[0,0],[0,0],[0,0],[-0.762,-4.888],[3.028,-5.476],[0,0],[0.46,2.901],[2.71,1.498],[2.31,-0.618],[1.498,-2.71],[-0.685,-2.295],[-2.85,-3.286],[-1.42,-2.245],[-0.602,-2.205],[0.277,-2.287],[1.389,-2.512],[4.511,-1.332],[5.465,2.328],[0,0],[0,0],[0,0],[1.121,4.999],[-3.056,5.527],[0,0],[-0.708,-2.905],[-3.241,-1.792],[-2.514,0.615]],"o":[[1.311,-2.371],[-0.658,-2.383],[-2.831,-3.187],[-4.583,-7.097],[2.563,-4.635],[4.472,-1.435],[0,0],[0,0],[0,0],[4.474,3.388],[0.762,4.888],[0,0],[1.948,-3.523],[-0.458,-2.892],[-2.682,-1.483],[-2.318,0.62],[-1.345,2.433],[0.685,2.295],[2.852,3.294],[1.42,2.245],[0.604,2.214],[-0.285,2.29],[-2.613,4.725],[-4.514,1.338],[0,0],[0,0],[0,0],[-5.193,-3.674],[-1.121,-4.999],[0,0],[-1.945,3.517],[0.711,2.914],[3.184,1.76],[2.509,-0.618]],"v":[[-362.878,-156.578],[-361.881,-163.715],[-367.113,-172.077],[-373.411,-180.071],[-374.604,-200.979],[-364.046,-210.077],[-349.619,-209.052],[-344.569,-218.186],[-337.867,-214.481],[-342.964,-205.262],[-335.108,-192.846],[-338.507,-177.299],[-348.646,-182.905],[-346.417,-192.538],[-351.168,-199.131],[-358.656,-200.426],[-364.372,-195.433],[-365.365,-188.345],[-360.064,-179.974],[-353.657,-171.67],[-350.622,-164.986],[-350.139,-158.233],[-352.646,-151.031],[-363.331,-141.945],[-378.299,-143.431],[-382.816,-135.262],[-389.478,-138.945],[-384.983,-147.075],[-394.452,-160.08],[-391.551,-175.873],[-381.367,-170.242],[-383.224,-160.602],[-377.296,-153.551],[-368.751,-151.834]],"c":true}},"nm":"Path 1","hd":false},{"ty":"fl","c":{"a":0,"k":[1,1,1,1]},"o":{"a":0,"k":100},"r":1,"bm":0,"nm":"Fill 1","hd":false},{"ty":"tr","p":{"a":0,"k":[0,0]},"a":{"a":0,"k":[0,0]},"s":{"a":0,"k":[100,100]},"r":{"a":0,"k":0},"o":{"a":0,"k":100},"sk":{"a":0,"k":0},"sa":{"a":0,"k":0},"nm":"Transform"}],"nm":"Group 1","bm":0,"hd":false},{"ty":"tr","p":{"a":0,"k":[0,0]},"a":{"a":0,"k":[0,0]},"s":{"a":0,"k":[100,100]},"r":{"a":0,"k":0},"o":{"a":0,"k":100},"sk":{"a":0,"k":0},"sa":{"a":0,"k":0},"nm":"Transform"}],"nm":"Group 1","bm":0,"hd":false},{"ty":"gr","it":[{"ind":0,"ty":"sh","ks":{"a":0,"k":{"i":[[23.505,-42.514],[42.514,23.505],[-23.505,42.514],[-42.514,-23.505]],"o":[[-23.505,42.514],[-42.514,-23.505],[23.505,-42.514],[42.514,23.505]],"v":[[-287.532,-134.617],[-407.07,-100.198],[-441.489,-219.736],[-321.951,-254.155]],"c":true}},"nm":"Path 1","hd":false},{"ty":"fl","c":{"a":0,"k":[1,0.752941191196,0.266666680574,1]},"o":{"a":0,"k":100},"r":1,"bm":0,"nm":"Fill 1","hd":false},{"ty":"tr","p":{"a":0,"k":[0,0]},"a":{"a":0,"k":[0,0]},"s":{"a":0,"k":[100,100]},"r":{"a":0,"k":0},"o":{"a":0,"k":100},"sk":{"a":0,"k":0},"sa":{"a":0,"k":0},"nm":"Transform"}],"nm":"Group 2","bm":0,"hd":false}],"ip":36,"op":46,"st":7,"bm":0},{"ddd":0,"ind":10,"ty":4,"nm":"coin 6","parent":7,"sr":1,"ks":{"o":{"a":0,"k":100},"r":{"a":0,"k":0},"p":{"a":1,"k":[{"i":{"x":0.667,"y":1},"o":{"x":0.333,"y":0},"t":69,"s":[-149.838,-330.838,0],"to":[0,0,0],"ti":[0,0,0]},{"t":86,"s":[-364.511,-177.177,0]}]},"a":{"a":0,"k":[-364.511,-177.177,0]},"s":{"a":1,"k":[{"i":{"x":[0.667,0.667,0.667],"y":[1,1,1]},"o":{"x":[0.333,0.333,0.333],"y":[0,0,0]},"t":69,"s":[0,0,100]},{"t":86,"s":[100,100,100]}]}},"ao":0,"shapes":[{"ty":"gr","it":[{"ty":"gr","it":[{"ind":0,"ty":"sh","ks":{"a":0,"k":{"i":[[-1.408,2.546],[0.649,2.386],[2.836,3.19],[1.367,2.141],[-3.786,6.848],[-4.474,1.426],[-5.147,-2.116],[0,0],[0,0],[0,0],[-0.762,-4.888],[3.028,-5.476],[0,0],[0.46,2.901],[2.71,1.498],[2.31,-0.618],[1.498,-2.71],[-0.685,-2.295],[-2.85,-3.286],[-1.42,-2.245],[-0.602,-2.205],[0.277,-2.287],[1.389,-2.512],[4.511,-1.332],[5.465,2.328],[0,0],[0,0],[0,0],[1.121,4.999],[-3.056,5.527],[0,0],[-0.708,-2.905],[-3.241,-1.792],[-2.514,0.615]],"o":[[1.311,-2.371],[-0.658,-2.383],[-2.831,-3.187],[-4.583,-7.097],[2.563,-4.635],[4.472,-1.435],[0,0],[0,0],[0,0],[4.474,3.388],[0.762,4.888],[0,0],[1.948,-3.523],[-0.458,-2.892],[-2.682,-1.483],[-2.318,0.62],[-1.345,2.433],[0.685,2.295],[2.852,3.294],[1.42,2.245],[0.604,2.214],[-0.285,2.29],[-2.613,4.725],[-4.514,1.338],[0,0],[0,0],[0,0],[-5.193,-3.674],[-1.121,-4.999],[0,0],[-1.945,3.517],[0.711,2.914],[3.184,1.76],[2.509,-0.618]],"v":[[-362.878,-156.578],[-361.881,-163.715],[-367.113,-172.077],[-373.411,-180.071],[-374.604,-200.979],[-364.046,-210.077],[-349.619,-209.052],[-344.569,-218.186],[-337.867,-214.481],[-342.964,-205.262],[-335.108,-192.846],[-338.507,-177.299],[-348.646,-182.905],[-346.417,-192.538],[-351.168,-199.131],[-358.656,-200.426],[-364.372,-195.433],[-365.365,-188.345],[-360.064,-179.974],[-353.657,-171.67],[-350.622,-164.986],[-350.139,-158.233],[-352.646,-151.031],[-363.331,-141.945],[-378.299,-143.431],[-382.816,-135.262],[-389.478,-138.945],[-384.983,-147.075],[-394.452,-160.08],[-391.551,-175.873],[-381.367,-170.242],[-383.224,-160.602],[-377.296,-153.551],[-368.751,-151.834]],"c":true}},"nm":"Path 1","hd":false},{"ty":"fl","c":{"a":0,"k":[1,1,1,1]},"o":{"a":0,"k":100},"r":1,"bm":0,"nm":"Fill 1","hd":false},{"ty":"tr","p":{"a":0,"k":[0,0]},"a":{"a":0,"k":[0,0]},"s":{"a":0,"k":[100,100]},"r":{"a":0,"k":0},"o":{"a":0,"k":100},"sk":{"a":0,"k":0},"sa":{"a":0,"k":0},"nm":"Transform"}],"nm":"Group 1","bm":0,"hd":false},{"ty":"tr","p":{"a":0,"k":[0,0]},"a":{"a":0,"k":[0,0]},"s":{"a":0,"k":[100,100]},"r":{"a":0,"k":0},"o":{"a":0,"k":100},"sk":{"a":0,"k":0},"sa":{"a":0,"k":0},"nm":"Transform"}],"nm":"Group 1","bm":0,"hd":false},{"ty":"gr","it":[{"ind":0,"ty":"sh","ks":{"a":0,"k":{"i":[[23.505,-42.514],[42.514,23.505],[-23.505,42.514],[-42.514,-23.505]],"o":[[-23.505,42.514],[-42.514,-23.505],[23.505,-42.514],[42.514,23.505]],"v":[[-287.532,-134.617],[-407.07,-100.198],[-441.489,-219.736],[-321.951,-254.155]],"c":true}},"nm":"Path 1","hd":false},{"ty":"fl","c":{"a":0,"k":[1,0.752941191196,0.266666680574,1]},"o":{"a":0,"k":100},"r":1,"bm":0,"nm":"Fill 1","hd":false},{"ty":"tr","p":{"a":0,"k":[0,0]},"a":{"a":0,"k":[0,0]},"s":{"a":0,"k":[100,100]},"r":{"a":0,"k":0},"o":{"a":0,"k":100},"sk":{"a":0,"k":0},"sa":{"a":0,"k":0},"nm":"Transform"}],"nm":"Group 2","bm":0,"hd":false}],"ip":80,"op":97,"st":65,"bm":0},{"ddd":0,"ind":11,"ty":4,"nm":"mask coin 2","td":1,"sr":1,"ks":{"o":{"a":0,"k":100},"r":{"a":0,"k":0},"p":{"a":0,"k":[430,786.5,0]},"a":{"a":0,"k":[-370,-13.5,0]},"s":{"a":0,"k":[100,100,100]}},"ao":0,"shapes":[{"ty":"gr","it":[{"ty":"rc","d":1,"s":{"a":0,"k":[250,239]},"p":{"a":0,"k":[0,0]},"r":{"a":0,"k":0},"nm":"Rectangle Path 1","hd":false},{"ty":"fl","c":{"a":0,"k":[1,1,1,1]},"o":{"a":0,"k":100},"r":1,"bm":0,"nm":"Fill 1","hd":false},{"ty":"tr","p":{"a":0,"k":[-370,-5]},"a":{"a":0,"k":[0,0]},"s":{"a":0,"k":[100,100]},"r":{"a":0,"k":0},"o":{"a":0,"k":100},"sk":{"a":0,"k":0},"sa":{"a":0,"k":0},"nm":"Transform"}],"nm":"Rectangle 1","bm":0,"hd":false}],"ip":0,"op":109,"st":0,"bm":0},{"ddd":0,"ind":12,"ty":4,"nm":"coin","parent":7,"tt":2,"sr":1,"ks":{"o":{"a":0,"k":100},"r":{"a":0,"k":0},"p":{"a":0,"k":[-364.511,-177.177,0]},"a":{"a":0,"k":[-364.511,-177.177,0]},"s":{"a":0,"k":[100,100,100]}},"ao":0,"shapes":[{"ty":"gr","it":[{"ty":"gr","it":[{"ind":0,"ty":"sh","ks":{"a":0,"k":{"i":[[-1.408,2.546],[0.649,2.386],[2.836,3.19],[1.367,2.141],[-3.786,6.848],[-4.474,1.426],[-5.147,-2.116],[0,0],[0,0],[0,0],[-0.762,-4.888],[3.028,-5.476],[0,0],[0.46,2.901],[2.71,1.498],[2.31,-0.618],[1.498,-2.71],[-0.685,-2.295],[-2.85,-3.286],[-1.42,-2.245],[-0.602,-2.205],[0.277,-2.287],[1.389,-2.512],[4.511,-1.332],[5.465,2.328],[0,0],[0,0],[0,0],[1.121,4.999],[-3.056,5.527],[0,0],[-0.708,-2.905],[-3.241,-1.792],[-2.514,0.615]],"o":[[1.311,-2.371],[-0.658,-2.383],[-2.831,-3.187],[-4.583,-7.097],[2.563,-4.635],[4.472,-1.435],[0,0],[0,0],[0,0],[4.474,3.388],[0.762,4.888],[0,0],[1.948,-3.523],[-0.458,-2.892],[-2.682,-1.483],[-2.318,0.62],[-1.345,2.433],[0.685,2.295],[2.852,3.294],[1.42,2.245],[0.604,2.214],[-0.285,2.29],[-2.613,4.725],[-4.514,1.338],[0,0],[0,0],[0,0],[-5.193,-3.674],[-1.121,-4.999],[0,0],[-1.945,3.517],[0.711,2.914],[3.184,1.76],[2.509,-0.618]],"v":[[-362.878,-156.578],[-361.881,-163.715],[-367.113,-172.077],[-373.411,-180.071],[-374.604,-200.979],[-364.046,-210.077],[-349.619,-209.052],[-344.569,-218.186],[-337.867,-214.481],[-342.964,-205.262],[-335.108,-192.846],[-338.507,-177.299],[-348.646,-182.905],[-346.417,-192.538],[-351.168,-199.131],[-358.656,-200.426],[-364.372,-195.433],[-365.365,-188.345],[-360.064,-179.974],[-353.657,-171.67],[-350.622,-164.986],[-350.139,-158.233],[-352.646,-151.031],[-363.331,-141.945],[-378.299,-143.431],[-382.816,-135.262],[-389.478,-138.945],[-384.983,-147.075],[-394.452,-160.08],[-391.551,-175.873],[-381.367,-170.242],[-383.224,-160.602],[-377.296,-153.551],[-368.751,-151.834]],"c":true}},"nm":"Path 1","hd":false},{"ty":"fl","c":{"a":0,"k":[1,1,1,1]},"o":{"a":0,"k":100},"r":1,"bm":0,"nm":"Fill 1","hd":false},{"ty":"tr","p":{"a":0,"k":[0,0]},"a":{"a":0,"k":[0,0]},"s":{"a":0,"k":[100,100]},"r":{"a":0,"k":0},"o":{"a":0,"k":100},"sk":{"a":0,"k":0},"sa":{"a":0,"k":0},"nm":"Transform"}],"nm":"Group 1","bm":0,"hd":false},{"ty":"tr","p":{"a":0,"k":[0,0]},"a":{"a":0,"k":[0,0]},"s":{"a":0,"k":[100,100]},"r":{"a":0,"k":0},"o":{"a":0,"k":100},"sk":{"a":0,"k":0},"sa":{"a":0,"k":0},"nm":"Transform"}],"nm":"Group 1","bm":0,"hd":false},{"ty":"gr","it":[{"ind":0,"ty":"sh","ks":{"a":0,"k":{"i":[[23.505,-42.514],[42.514,23.505],[-23.505,42.514],[-42.514,-23.505]],"o":[[-23.505,42.514],[-42.514,-23.505],[23.505,-42.514],[42.514,23.505]],"v":[[-287.532,-134.617],[-407.07,-100.198],[-441.489,-219.736],[-321.951,-254.155]],"c":true}},"nm":"Path 1","hd":false},{"ty":"fl","c":{"a":0,"k":[1,0.752941191196,0.266666680574,1]},"o":{"a":0,"k":100},"r":1,"bm":0,"nm":"Fill 1","hd":false},{"ty":"tr","p":{"a":0,"k":[0,0]},"a":{"a":0,"k":[0,0]},"s":{"a":0,"k":[100,100]},"r":{"a":0,"k":0},"o":{"a":0,"k":100},"sk":{"a":0,"k":0},"sa":{"a":0,"k":0},"nm":"Transform"}],"nm":"Group 2","bm":0,"hd":false}],"ip":0,"op":36,"st":0,"bm":0},{"ddd":0,"ind":13,"ty":4,"nm":"F 2-1","parent":14,"sr":1,"ks":{"o":{"a":0,"k":100},"r":{"a":1,"k":[{"i":{"x":[0.667],"y":[1]},"o":{"x":[0.333],"y":[0]},"t":34,"s":[0]},{"i":{"x":[0.667],"y":[1]},"o":{"x":[0.333],"y":[0]},"t":39,"s":[20]},{"i":{"x":[0.667],"y":[1]},"o":{"x":[0.167],"y":[0]},"t":44,"s":[0]},{"i":{"x":[0.667],"y":[1]},"o":{"x":[0.333],"y":[0]},"t":72,"s":[0]},{"i":{"x":[0.667],"y":[1]},"o":{"x":[0.333],"y":[0]},"t":79,"s":[-40]},{"t":86,"s":[0]}]},"p":{"a":0,"k":[-359.907,-328.329,0]},"a":{"a":0,"k":[-359.907,-328.329,0]},"s":{"a":0,"k":[100,100,100]}},"ao":0,"shapes":[{"ty":"gr","it":[{"ind":0,"ty":"sh","ks":{"a":0,"k":{"i":[[-9.383,19.985],[-19.985,-9.383],[9.383,-19.985],[19.985,9.383]],"o":[[9.383,-19.985],[19.985,9.383],[-9.383,19.985],[-19.985,-9.383]],"v":[[-396.093,-345.318],[-342.917,-364.516],[-323.72,-311.34],[-376.896,-292.142]],"c":true}},"nm":"Path 1","hd":false},{"ty":"fl","c":{"a":0,"k":[1,0.486274510622,0.317647069693,1]},"o":{"a":0,"k":100},"r":1,"bm":0,"nm":"Fill 1","hd":false},{"ty":"tr","p":{"a":0,"k":[0,0]},"a":{"a":0,"k":[0,0]},"s":{"a":0,"k":[100,100]},"r":{"a":0,"k":0},"o":{"a":0,"k":100},"sk":{"a":0,"k":0},"sa":{"a":0,"k":0},"nm":"Transform"}],"nm":"Group 1","bm":0,"hd":false},{"ty":"gr","it":[{"ind":0,"ty":"sh","ks":{"a":0,"k":{"i":[[-1.762,-16.755],[-22.954,-0.188],[-8.303,28.717],[0.899,-1.916],[0,0]],"o":[[0.817,7.767],[17.932,0.147],[4.075,-14.094],[0,0],[0,0]],"v":[[-405.702,-239.765],[-379.207,-200.437],[-343.334,-251.343],[-321.507,-317.053],[-399.626,-332.448]],"c":true}},"nm":"Path 1","hd":false},{"ty":"fl","c":{"a":0,"k":[1,0.486274510622,0.317647069693,1]},"o":{"a":0,"k":100},"r":1,"bm":0,"nm":"Fill 1","hd":false},{"ty":"tr","p":{"a":0,"k":[0,0]},"a":{"a":0,"k":[0,0]},"s":{"a":0,"k":[100,100]},"r":{"a":0,"k":0},"o":{"a":0,"k":100},"sk":{"a":0,"k":0},"sa":{"a":0,"k":0},"nm":"Transform"}],"nm":"Group 2","bm":0,"hd":false}],"ip":0,"op":109,"st":0,"bm":0},{"ddd":0,"ind":14,"ty":4,"nm":"F 2","parent":15,"sr":1,"ks":{"o":{"a":0,"k":100},"r":{"a":1,"k":[{"i":{"x":[0.667],"y":[1]},"o":{"x":[0.333],"y":[0]},"t":33,"s":[0]},{"i":{"x":[0.667],"y":[1]},"o":{"x":[0.333],"y":[0]},"t":38,"s":[15]},{"i":{"x":[0.667],"y":[1]},"o":{"x":[0.167],"y":[0]},"t":43,"s":[0]},{"i":{"x":[0.667],"y":[1]},"o":{"x":[0.333],"y":[0]},"t":72,"s":[0]},{"i":{"x":[0.667],"y":[1]},"o":{"x":[0.333],"y":[0]},"t":79,"s":[-3]},{"t":86,"s":[0]}]},"p":{"a":0,"k":[-243.812,-343.521,0]},"a":{"a":0,"k":[-243.812,-343.521,0]},"s":{"a":0,"k":[100,100,100]}},"ao":0,"shapes":[{"ty":"gr","it":[{"ind":0,"ty":"sh","ks":{"a":0,"k":{"i":[[0,0],[0,0]],"o":[[0,0],[0,0]],"v":[[-342.572,-373.511],[-280.814,-383.656]],"c":false}},"nm":"Path 1","hd":false},{"ty":"st","c":{"a":0,"k":[0.007843137719,0.007843137719,0.007843137719,1]},"o":{"a":0,"k":100},"w":{"a":0,"k":1.7},"lc":2,"lj":2,"bm":0,"nm":"Stroke 1","hd":false},{"ty":"tr","p":{"a":0,"k":[0,0]},"a":{"a":0,"k":[0,0]},"s":{"a":0,"k":[100,100]},"r":{"a":0,"k":0},"o":{"a":0,"k":100},"sk":{"a":0,"k":0},"sa":{"a":0,"k":0},"nm":"Transform"}],"nm":"Group 1","bm":0,"hd":false},{"ty":"gr","it":[{"ind":0,"ty":"sh","ks":{"a":0,"k":{"i":[[0,0],[0,0],[0,0],[10.812,-5.351]],"o":[[0,0],[0,0],[0,0],[0,0]],"v":[[-355.08,-287.111],[-235.842,-304.338],[-247.16,-383.359],[-372.494,-364.804]],"c":true}},"nm":"Path 1","hd":false},{"ty":"fl","c":{"a":0,"k":[1,0.486274510622,0.317647069693,1]},"o":{"a":0,"k":100},"r":1,"bm":0,"nm":"Fill 1","hd":false},{"ty":"tr","p":{"a":0,"k":[0,0]},"a":{"a":0,"k":[0,0]},"s":{"a":0,"k":[100,100]},"r":{"a":0,"k":0},"o":{"a":0,"k":100},"sk":{"a":0,"k":0},"sa":{"a":0,"k":0},"nm":"Transform"}],"nm":"Group 2","bm":0,"hd":false},{"ty":"gr","it":[{"ind":0,"ty":"sh","ks":{"a":0,"k":{"i":[[-22.072,-0.527],[0.527,-22.072],[22.072,0.527],[-0.527,22.072]],"o":[[22.072,0.527],[-0.527,22.072],[-22.072,-0.527],[0.527,-22.072]],"v":[[-242.858,-383.486],[-203.847,-342.566],[-244.767,-303.555],[-283.777,-344.475]],"c":true}},"nm":"Path 1","hd":false},{"ty":"fl","c":{"a":0,"k":[1,0.486274510622,0.317647069693,1]},"o":{"a":0,"k":100},"r":1,"bm":0,"nm":"Fill 1","hd":false},{"ty":"tr","p":{"a":0,"k":[0,0]},"a":{"a":0,"k":[0,0]},"s":{"a":0,"k":[100,100]},"r":{"a":0,"k":0},"o":{"a":0,"k":100},"sk":{"a":0,"k":0},"sa":{"a":0,"k":0},"nm":"Transform"}],"nm":"Group 3","bm":0,"hd":false}],"ip":0,"op":109,"st":0,"bm":0},{"ddd":0,"ind":15,"ty":4,"nm":"hand","sr":1,"ks":{"o":{"a":0,"k":100},"r":{"a":1,"k":[{"i":{"x":[0.667],"y":[0.773]},"o":{"x":[0.333],"y":[0]},"t":2,"s":[35]},{"i":{"x":[0.667],"y":[1]},"o":{"x":[0.333],"y":[-0.25]},"t":9,"s":[25.991]},{"i":{"x":[0.667],"y":[1]},"o":{"x":[0.333],"y":[0]},"t":21,"s":[40]},{"i":{"x":[0.667],"y":[1]},"o":{"x":[0.333],"y":[0]},"t":31,"s":[28]},{"i":{"x":[0.667],"y":[1]},"o":{"x":[0.333],"y":[0]},"t":33,"s":[28]},{"i":{"x":[0.667],"y":[1]},"o":{"x":[0.333],"y":[0]},"t":38,"s":[26]},{"i":{"x":[0.667],"y":[1]},"o":{"x":[0.167],"y":[0]},"t":43,"s":[28]},{"i":{"x":[0.667],"y":[1]},"o":{"x":[0.333],"y":[0]},"t":48,"s":[28]},{"i":{"x":[0.667],"y":[1]},"o":{"x":[0.333],"y":[0]},"t":63,"s":[38]},{"i":{"x":[0.667],"y":[1]},"o":{"x":[0.167],"y":[0]},"t":70,"s":[35]},{"i":{"x":[0.667],"y":[1]},"o":{"x":[0.333],"y":[0]},"t":72,"s":[35]},{"i":{"x":[0.667],"y":[1]},"o":{"x":[0.333],"y":[0]},"t":79,"s":[30]},{"t":86,"s":[35]}]},"p":{"a":1,"k":[{"i":{"x":0.667,"y":1},"o":{"x":0.333,"y":0},"t":0,"s":[1162.812,606.9,0],"to":[0,0,0],"ti":[0,0,0]},{"i":{"x":0.667,"y":1},"o":{"x":0.333,"y":0},"t":7,"s":[1162.812,626.9,0],"to":[0,0,0],"ti":[0,0,0]},{"i":{"x":0.667,"y":1},"o":{"x":0.333,"y":0},"t":19,"s":[866.812,566.9,0],"to":[0,0,0],"ti":[0,0,0]},{"i":{"x":0.667,"y":1},"o":{"x":0.167,"y":0},"t":29,"s":[866.812,574.9,0],"to":[0,0,0],"ti":[0,0,0]},{"i":{"x":0.667,"y":1},"o":{"x":0.167,"y":0},"t":46,"s":[866.812,574.9,0],"to":[0,0,0],"ti":[0,0,0]},{"i":{"x":0.667,"y":1},"o":{"x":0.333,"y":0},"t":61,"s":[1190.812,608.9,0],"to":[0,0,0],"ti":[0,0,0]},{"t":68,"s":[1162.812,606.9,0]}]},"a":{"a":0,"k":[28.812,-399.1,0]},"s":{"a":0,"k":[100,100,100]}},"ao":0,"shapes":[{"ty":"gr","it":[{"ind":0,"ty":"sh","ks":{"a":0,"k":{"i":[[0,0],[0,0],[0,0],[0,0]],"o":[[0,0],[0,0],[0,0],[0,0]],"v":[[66.294,-508.829],[101.399,-288.09],[185.135,-280.056],[137.223,-537.846]],"c":true}},"nm":"Path 1","hd":false},{"ty":"fl","c":{"a":0,"k":[0.937254905701,0.89411765337,0.709803938866,1]},"o":{"a":0,"k":100},"r":1,"bm":0,"nm":"Fill 1","hd":false},{"ty":"tr","p":{"a":0,"k":[0,0]},"a":{"a":0,"k":[0,0]},"s":{"a":0,"k":[100,100]},"r":{"a":0,"k":0},"o":{"a":0,"k":100},"sk":{"a":0,"k":0},"sa":{"a":0,"k":0},"nm":"Transform"}],"nm":"Group 1","bm":0,"hd":false},{"ty":"gr","it":[{"ind":0,"ty":"sh","ks":{"a":0,"k":{"i":[[43.403,33.786],[-33.786,43.403],[-43.403,-33.786],[33.786,-43.403]],"o":[[-43.403,-33.786],[33.786,-43.403],[43.403,33.786],[-33.786,43.403]],"v":[[-32.362,-320.512],[-49.776,-460.274],[89.986,-477.688],[107.4,-337.926]],"c":true}},"nm":"Path 1","hd":false},{"ty":"fl","c":{"a":0,"k":[1,0.486274510622,0.317647069693,1]},"o":{"a":0,"k":100},"r":1,"bm":0,"nm":"Fill 1","hd":false},{"ty":"tr","p":{"a":0,"k":[0,0]},"a":{"a":0,"k":[0,0]},"s":{"a":0,"k":[100,100]},"r":{"a":0,"k":0},"o":{"a":0,"k":100},"sk":{"a":0,"k":0},"sa":{"a":0,"k":0},"nm":"Transform"}],"nm":"C","bm":0,"hd":false},{"ty":"gr","it":[{"ind":0,"ty":"sh","ks":{"a":0,"k":{"i":[[0,0],[0,0]],"o":[[0,0],[0,0]],"v":[[-297.098,-472.33],[-268.118,-489.119]],"c":false}},"nm":"Path 1","hd":false},{"ty":"st","c":{"a":0,"k":[0.007843137719,0.007843137719,0.007843137719,1]},"o":{"a":0,"k":100},"w":{"a":0,"k":1.7},"lc":2,"lj":2,"bm":0,"nm":"Stroke 1","hd":false},{"ty":"tr","p":{"a":0,"k":[0,0]},"a":{"a":0,"k":[0,0]},"s":{"a":0,"k":[100,100]},"r":{"a":0,"k":0},"o":{"a":0,"k":100},"sk":{"a":0,"k":0},"sa":{"a":0,"k":0},"nm":"Transform"}],"nm":"Group 2","bm":0,"hd":false},{"ty":"gr","it":[{"ind":0,"ty":"sh","ks":{"a":0,"k":{"i":[[0,0],[0,0]],"o":[[0,0],[0,0]],"v":[[-309.416,-418.667],[-280.061,-436.914]],"c":false}},"nm":"Path 1","hd":false},{"ty":"st","c":{"a":0,"k":[0.007843137719,0.007843137719,0.007843137719,1]},"o":{"a":0,"k":100},"w":{"a":0,"k":1.7},"lc":2,"lj":2,"bm":0,"nm":"Stroke 1","hd":false},{"ty":"tr","p":{"a":0,"k":[0,0]},"a":{"a":0,"k":[0,0]},"s":{"a":0,"k":[100,100]},"r":{"a":0,"k":0},"o":{"a":0,"k":100},"sk":{"a":0,"k":0},"sa":{"a":0,"k":0},"nm":"Transform"}],"nm":"Group 3","bm":0,"hd":false},{"ty":"gr","it":[{"ind":0,"ty":"sh","ks":{"a":0,"k":{"i":[[0,0],[3.796,26.607]],"o":[[0,0],[0,0]],"v":[[-176.201,-253.227],[-165.685,-296.197]],"c":false}},"nm":"Path 1","hd":false},{"ty":"st","c":{"a":0,"k":[0.007843137719,0.007843137719,0.007843137719,1]},"o":{"a":0,"k":100},"w":{"a":0,"k":1.7},"lc":2,"lj":2,"bm":0,"nm":"Stroke 1","hd":false},{"ty":"tr","p":{"a":0,"k":[0,0]},"a":{"a":0,"k":[0,0]},"s":{"a":0,"k":[100,100]},"r":{"a":0,"k":0},"o":{"a":0,"k":100},"sk":{"a":0,"k":0},"sa":{"a":0,"k":0},"nm":"Transform"}],"nm":"Group 4","bm":0,"hd":false},{"ty":"gr","it":[{"ind":0,"ty":"sh","ks":{"a":0,"k":{"i":[[31.433,-16.059],[0,0],[0,0],[0,0],[0,0],[-1.286,0.931],[0,0],[-78.004,41.158],[0,0]],"o":[[-36.286,18.538],[-20.989,24.044],[-31.987,26.037],[0,0],[52.208,6.698],[0,0],[68.49,-34.096],[0,0],[-41.386,-3.37]],"v":[[-262.97,-514.496],[-297.098,-472.33],[-308.026,-416.623],[-342.244,-370.927],[-232.954,-306.417],[-176.681,-253.19],[-106.124,-203.192],[84.938,-316.75],[32.382,-498.61]],"c":true}},"nm":"Path 1","hd":false},{"ty":"fl","c":{"a":0,"k":[1,0.486274510622,0.317647069693,1]},"o":{"a":0,"k":100},"r":1,"bm":0,"nm":"Fill 1","hd":false},{"ty":"tr","p":{"a":0,"k":[0,0]},"a":{"a":0,"k":[0,0]},"s":{"a":0,"k":[100,100]},"r":{"a":0,"k":0},"o":{"a":0,"k":100},"sk":{"a":0,"k":0},"sa":{"a":0,"k":0},"nm":"Transform"}],"nm":"Group 5","bm":0,"hd":false},{"ty":"gr","it":[{"ind":0,"ty":"sh","ks":{"a":0,"k":{"i":[[0,0],[0,0],[0,0],[5.09,-10.937]],"o":[[0,0],[0,0],[0,0],[0,0]],"v":[[-300.7,-296.563],[-218.434,-384.579],[-276.686,-439.16],[-362.879,-346.296]],"c":true}},"nm":"Path 1","hd":false},{"ty":"fl","c":{"a":0,"k":[0.007843137719,0.007843137719,0.007843137719,1]},"o":{"a":0,"k":100},"r":1,"bm":0,"nm":"Fill 1","hd":false},{"ty":"tr","p":{"a":0,"k":[0,0]},"a":{"a":0,"k":[0,0]},"s":{"a":0,"k":[100,100]},"r":{"a":0,"k":0},"o":{"a":0,"k":100},"sk":{"a":0,"k":0},"sa":{"a":0,"k":0},"nm":"Transform"}],"nm":"Group 6","bm":0,"hd":false}],"ip":0,"op":109,"st":0,"bm":0},{"ddd":0,"ind":16,"ty":4,"nm":"F 1","parent":15,"sr":1,"ks":{"o":{"a":0,"k":100},"r":{"a":1,"k":[{"i":{"x":[0.667],"y":[1]},"o":{"x":[0.333],"y":[0]},"t":33,"s":[0]},{"i":{"x":[0.667],"y":[1]},"o":{"x":[0.333],"y":[0]},"t":38,"s":[-10]},{"i":{"x":[0.667],"y":[1]},"o":{"x":[0.167],"y":[0]},"t":43,"s":[0]},{"i":{"x":[0.667],"y":[1]},"o":{"x":[0.333],"y":[0]},"t":72,"s":[0]},{"i":{"x":[0.667],"y":[1]},"o":{"x":[0.333],"y":[0]},"t":79,"s":[20]},{"t":86,"s":[0]}]},"p":{"a":0,"k":[-129.782,-236.814,0]},"a":{"a":0,"k":[-129.782,-236.814,0]},"s":{"a":0,"k":[100,100,100]}},"ao":0,"shapes":[{"ty":"gr","it":[{"ind":0,"ty":"sh","ks":{"a":0,"k":{"i":[[37.503,-24.096],[0,0],[0,0],[0,0]],"o":[[0,0],[39.041,-26.802],[0,0],[0,0]],"v":[[-174.319,-154.5],[-218.919,-223.728],[-155.9,-268.837],[-104.819,-204.085]],"c":true}},"nm":"Path 1","hd":false},{"ty":"fl","c":{"a":0,"k":[1,0.486274510622,0.317647069693,1]},"o":{"a":0,"k":100},"r":1,"bm":0,"nm":"Fill 1","hd":false},{"ty":"tr","p":{"a":0,"k":[0,0]},"a":{"a":0,"k":[0,0]},"s":{"a":0,"k":[100,100]},"r":{"a":0,"k":0},"o":{"a":0,"k":100},"sk":{"a":0,"k":0},"sa":{"a":0,"k":0},"nm":"Transform"}],"nm":"Group 1","bm":0,"hd":false},{"ty":"gr","it":[{"ind":0,"ty":"sh","ks":{"a":0,"k":{"i":[[-13.28,18.493],[18.493,13.28],[13.28,-18.493],[-18.493,-13.28]],"o":[[13.28,-18.493],[-18.493,-13.28],[-13.28,18.493],[18.493,13.28]],"v":[[-96.298,-212.769],[-105.737,-270.299],[-163.267,-260.86],[-153.827,-203.33]],"c":true}},"nm":"Path 1","hd":false},{"ty":"fl","c":{"a":0,"k":[1,0.486274510622,0.317647069693,1]},"o":{"a":0,"k":100},"r":1,"bm":0,"nm":"Fill 1","hd":false},{"ty":"tr","p":{"a":0,"k":[0,0]},"a":{"a":0,"k":[0,0]},"s":{"a":0,"k":[100,100]},"r":{"a":0,"k":0},"o":{"a":0,"k":100},"sk":{"a":0,"k":0},"sa":{"a":0,"k":0},"nm":"Transform"}],"nm":"Group 2","bm":0,"hd":false}],"ip":0,"op":106,"st":0,"bm":0},{"ddd":0,"ind":17,"ty":4,"nm":"coin 4","parent":7,"sr":1,"ks":{"o":{"a":0,"k":100},"r":{"a":0,"k":0},"p":{"a":1,"k":[{"i":{"x":0.667,"y":1},"o":{"x":0.333,"y":0},"t":72,"s":[-149.838,-330.838,0],"to":[0,0,0],"ti":[0,0,0]},{"t":86,"s":[-364.511,-177.177,0]}]},"a":{"a":0,"k":[-364.511,-177.177,0]},"s":{"a":1,"k":[{"i":{"x":[0.667,0.667,0.667],"y":[1,1,1]},"o":{"x":[0.333,0.333,0.333],"y":[0,0,0]},"t":72,"s":[0,0,100]},{"t":86,"s":[100,100,100]}]}},"ao":0,"shapes":[{"ty":"gr","it":[{"ty":"gr","it":[{"ind":0,"ty":"sh","ks":{"a":0,"k":{"i":[[-1.408,2.546],[0.649,2.386],[2.836,3.19],[1.367,2.141],[-3.786,6.848],[-4.474,1.426],[-5.147,-2.116],[0,0],[0,0],[0,0],[-0.762,-4.888],[3.028,-5.476],[0,0],[0.46,2.901],[2.71,1.498],[2.31,-0.618],[1.498,-2.71],[-0.685,-2.295],[-2.85,-3.286],[-1.42,-2.245],[-0.602,-2.205],[0.277,-2.287],[1.389,-2.512],[4.511,-1.332],[5.465,2.328],[0,0],[0,0],[0,0],[1.121,4.999],[-3.056,5.527],[0,0],[-0.708,-2.905],[-3.241,-1.792],[-2.514,0.615]],"o":[[1.311,-2.371],[-0.658,-2.383],[-2.831,-3.187],[-4.583,-7.097],[2.563,-4.635],[4.472,-1.435],[0,0],[0,0],[0,0],[4.474,3.388],[0.762,4.888],[0,0],[1.948,-3.523],[-0.458,-2.892],[-2.682,-1.483],[-2.318,0.62],[-1.345,2.433],[0.685,2.295],[2.852,3.294],[1.42,2.245],[0.604,2.214],[-0.285,2.29],[-2.613,4.725],[-4.514,1.338],[0,0],[0,0],[0,0],[-5.193,-3.674],[-1.121,-4.999],[0,0],[-1.945,3.517],[0.711,2.914],[3.184,1.76],[2.509,-0.618]],"v":[[-362.878,-156.578],[-361.881,-163.715],[-367.113,-172.077],[-373.411,-180.071],[-374.604,-200.979],[-364.046,-210.077],[-349.619,-209.052],[-344.569,-218.186],[-337.867,-214.481],[-342.964,-205.262],[-335.108,-192.846],[-338.507,-177.299],[-348.646,-182.905],[-346.417,-192.538],[-351.168,-199.131],[-358.656,-200.426],[-364.372,-195.433],[-365.365,-188.345],[-360.064,-179.974],[-353.657,-171.67],[-350.622,-164.986],[-350.139,-158.233],[-352.646,-151.031],[-363.331,-141.945],[-378.299,-143.431],[-382.816,-135.262],[-389.478,-138.945],[-384.983,-147.075],[-394.452,-160.08],[-391.551,-175.873],[-381.367,-170.242],[-383.224,-160.602],[-377.296,-153.551],[-368.751,-151.834]],"c":true}},"nm":"Path 1","hd":false},{"ty":"fl","c":{"a":0,"k":[1,1,1,1]},"o":{"a":0,"k":100},"r":1,"bm":0,"nm":"Fill 1","hd":false},{"ty":"tr","p":{"a":0,"k":[0,0]},"a":{"a":0,"k":[0,0]},"s":{"a":0,"k":[100,100]},"r":{"a":0,"k":0},"o":{"a":0,"k":100},"sk":{"a":0,"k":0},"sa":{"a":0,"k":0},"nm":"Transform"}],"nm":"Group 1","bm":0,"hd":false},{"ty":"tr","p":{"a":0,"k":[0,0]},"a":{"a":0,"k":[0,0]},"s":{"a":0,"k":[100,100]},"r":{"a":0,"k":0},"o":{"a":0,"k":100},"sk":{"a":0,"k":0},"sa":{"a":0,"k":0},"nm":"Transform"}],"nm":"Group 1","bm":0,"hd":false},{"ty":"gr","it":[{"ind":0,"ty":"sh","ks":{"a":0,"k":{"i":[[23.505,-42.514],[42.514,23.505],[-23.505,42.514],[-42.514,-23.505]],"o":[[-23.505,42.514],[-42.514,-23.505],[23.505,-42.514],[42.514,23.505]],"v":[[-287.532,-134.617],[-407.07,-100.198],[-441.489,-219.736],[-321.951,-254.155]],"c":true}},"nm":"Path 1","hd":false},{"ty":"fl","c":{"a":0,"k":[1,0.752941191196,0.266666680574,1]},"o":{"a":0,"k":100},"r":1,"bm":0,"nm":"Fill 1","hd":false},{"ty":"tr","p":{"a":0,"k":[0,0]},"a":{"a":0,"k":[0,0]},"s":{"a":0,"k":[100,100]},"r":{"a":0,"k":0},"o":{"a":0,"k":100},"sk":{"a":0,"k":0},"sa":{"a":0,"k":0},"nm":"Transform"}],"nm":"Group 2","bm":0,"hd":false}],"ip":72,"op":80,"st":68,"bm":0},{"ddd":0,"ind":18,"ty":4,"nm":"F B","parent":15,"sr":1,"ks":{"o":{"a":0,"k":100},"r":{"a":1,"k":[{"i":{"x":[0.667],"y":[1]},"o":{"x":[0.333],"y":[0]},"t":72,"s":[0]},{"i":{"x":[0.667],"y":[1]},"o":{"x":[0.333],"y":[0]},"t":79,"s":[-10]},{"t":86,"s":[0]}]},"p":{"a":0,"k":[-329.552,-324.298,0]},"a":{"a":0,"k":[-329.552,-324.298,0]},"s":{"a":0,"k":[100,100,100]}},"ao":0,"shapes":[{"ty":"gr","it":[{"ty":"gr","it":[{"ind":0,"ty":"sh","ks":{"a":0,"k":{"i":[[15.574,15.649],[-15.649,15.574],[-15.574,-15.649],[15.649,-15.574]],"o":[[-15.574,-15.649],[15.649,-15.574],[15.574,15.649],[-15.649,15.574]],"v":[[-357.887,-296.099],[-357.751,-352.634],[-301.216,-352.498],[-301.352,-295.963]],"c":true}},"nm":"Path 1","hd":false},{"ty":"fl","c":{"a":0,"k":[0.007843137719,0.007843137719,0.007843137719,1]},"o":{"a":0,"k":100},"r":1,"bm":0,"nm":"Fill 1","hd":false},{"ty":"tr","p":{"a":0,"k":[0,0]},"a":{"a":0,"k":[0,0]},"s":{"a":0,"k":[100,100]},"r":{"a":0,"k":0},"o":{"a":0,"k":100},"sk":{"a":0,"k":0},"sa":{"a":0,"k":0},"nm":"Transform"}],"nm":"Group 1","bm":0,"hd":false},{"ty":"gr","it":[{"ind":0,"ty":"sh","ks":{"a":0,"k":{"i":[[-16.348,-4.072],[-8.023,21.507],[24.149,17.619],[-1.493,-1.5],[0,0]],"o":[[7.578,1.887],[6.268,-16.802],[-11.852,-8.647],[0,0],[0,0]],"v":[[-261.976,-250.989],[-215.961,-262.444],[-251.538,-313.557],[-305.83,-356.531],[-347,-288.38]],"c":true}},"nm":"Path 1","hd":false},{"ty":"fl","c":{"a":0,"k":[0.007843137719,0.007843137719,0.007843137719,1]},"o":{"a":0,"k":100},"r":1,"bm":0,"nm":"Fill 1","hd":false},{"ty":"tr","p":{"a":0,"k":[0,0]},"a":{"a":0,"k":[0,0]},"s":{"a":0,"k":[100,100]},"r":{"a":0,"k":0},"o":{"a":0,"k":100},"sk":{"a":0,"k":0},"sa":{"a":0,"k":0},"nm":"Transform"}],"nm":"Group 2","bm":0,"hd":false},{"ty":"tr","p":{"a":0,"k":[0,0]},"a":{"a":0,"k":[0,0]},"s":{"a":0,"k":[100,100]},"r":{"a":0,"k":0},"o":{"a":0,"k":100},"sk":{"a":0,"k":0},"sa":{"a":0,"k":0},"nm":"Transform"}],"nm":"Group 7","bm":0,"hd":false}],"ip":0,"op":109,"st":0,"bm":0},{"ddd":0,"ind":19,"ty":4,"nm":"L","sr":1,"ks":{"o":{"a":0,"k":100},"r":{"a":0,"k":0},"p":{"a":0,"k":[434.013,670.749,0]},"a":{"a":0,"k":[-365.987,-129.251,0]},"s":{"a":0,"k":[100,100,100]}},"ao":0,"shapes":[{"ty":"gr","it":[{"ind":0,"ty":"sh","ks":{"a":0,"k":{"i":[[-3.225,-0.001],[0,0],[0.001,-3.225],[0,0],[3.225,0.001],[0,0],[-0.001,3.225],[0,0]],"o":[[0,0],[3.225,0.001],[0,0],[-0.001,3.225],[0,0],[-3.225,-0.001],[0,0],[0.001,-3.225]],"v":[[-491.93,-135.145],[-240.039,-135.036],[-234.202,-129.194],[-234.202,-129.194],[-240.044,-123.357],[-491.935,-123.467],[-497.771,-129.309],[-497.771,-129.309]],"c":true}},"nm":"Path 1","hd":false},{"ty":"fl","c":{"a":0,"k":[0.007843137719,0.007843137719,0.007843137719,1]},"o":{"a":0,"k":100},"r":1,"bm":0,"nm":"Fill 1","hd":false},{"ty":"tr","p":{"a":0,"k":[0,0]},"a":{"a":0,"k":[0,0]},"s":{"a":0,"k":[100,100]},"r":{"a":0,"k":0},"o":{"a":0,"k":100},"sk":{"a":0,"k":0},"sa":{"a":0,"k":0},"nm":"Transform"}],"nm":"Group 1","bm":0,"hd":false}],"ip":0,"op":109,"st":0,"bm":0},{"ddd":0,"ind":20,"ty":4,"nm":"phone","sr":1,"ks":{"o":{"a":0,"k":100},"r":{"a":0,"k":0},"p":{"a":0,"k":[422.361,737.658,0]},"a":{"a":0,"k":[-377.639,-62.342,0]},"s":{"a":0,"k":[100,100,100]}},"ao":0,"shapes":[{"ty":"gr","it":[{"ty":"gr","it":[{"ind":0,"ty":"sh","ks":{"a":0,"k":{"i":[[-0.071,-26.621],[26.621,-0.071],[0.071,26.621],[-26.621,0.071]],"o":[[0.071,26.621],[-26.621,0.071],[-0.071,-26.621],[26.621,-0.071]],"v":[[-318.877,-51.896],[-366.95,-3.568],[-415.278,-51.641],[-367.205,-99.97]],"c":true}},"nm":"Path 1","hd":false},{"ty":"fl","c":{"a":0,"k":[0.996078431606,0.203921571374,0.337254911661,1]},"o":{"a":0,"k":100},"r":1,"bm":0,"nm":"Fill 1","hd":false},{"ty":"tr","p":{"a":0,"k":[0,0]},"a":{"a":0,"k":[0,0]},"s":{"a":0,"k":[100,100]},"r":{"a":0,"k":0},"o":{"a":0,"k":100},"sk":{"a":0,"k":0},"sa":{"a":0,"k":0},"nm":"Transform"}],"nm":"Group 1","bm":0,"hd":false},{"ty":"tr","p":{"a":0,"k":[0,0]},"a":{"a":0,"k":[0,0]},"s":{"a":0,"k":[100,100]},"r":{"a":0,"k":0},"o":{"a":0,"k":100},"sk":{"a":0,"k":0},"sa":{"a":0,"k":0},"nm":"Transform"}],"nm":"Group 1","bm":0,"hd":false},{"ty":"gr","it":[{"ind":0,"ty":"sh","ks":{"a":0,"k":{"i":[[0,0],[0,0],[5.907,-0.016],[0,0],[3.738,4.342],[0,0]],"o":[[0,0],[-3.712,4.595],[0,0],[-5.729,0.015],[0,0],[0,0]],"v":[[-300.547,-404.974],[-313.075,-389.468],[-328.279,-382.181],[-408.563,-381.968],[-423.48,-388.786],[-437.103,-404.612]],"c":true}},"nm":"Path 1","hd":false},{"ty":"fl","c":{"a":0,"k":[0.007843137719,0.007843137719,0.007843137719,1]},"o":{"a":0,"k":100},"r":1,"bm":0,"nm":"Fill 1","hd":false},{"ty":"tr","p":{"a":0,"k":[0,0]},"a":{"a":0,"k":[0,0]},"s":{"a":0,"k":[100,100]},"r":{"a":0,"k":0},"o":{"a":0,"k":100},"sk":{"a":0,"k":0},"sa":{"a":0,"k":0},"nm":"Transform"}],"nm":"Group 2","bm":0,"hd":false},{"ty":"gr","it":[{"ind":0,"ty":"sh","ks":{"a":0,"k":{"i":[[0,0],[0,0],[-0.044,-16.63],[0,0],[-16.63,0.044],[0,0],[0.044,16.63],[0,0],[16.63,-0.044]],"o":[[0,0],[-16.63,0.044],[0,0],[0.044,16.63],[0,0],[16.63,-0.044],[0,0],[-0.044,-16.63],[0,0]],"v":[[-221.013,-413.506],[-512.684,-412.733],[-542.716,-382.542],[-541.015,259.449],[-510.824,289.481],[-219.153,288.709],[-189.121,258.517],[-190.821,-383.474],[-221.013,-413.506]],"c":true}},"nm":"Path 1","hd":false},{"ind":1,"ty":"sh","ks":{"a":0,"k":{"i":[[0,0],[-0.031,-11.585],[0,0],[11.585,-0.031],[0,0],[0.031,11.585],[0,0],[-11.585,0.031],[0,0]],"o":[[11.585,-0.031],[0,0],[0.031,11.585],[0,0],[-11.585,0.031],[0,0],[-0.031,-11.585],[0,0],[0,0]],"v":[[-220.989,-404.404],[-199.924,-383.45],[-198.223,258.541],[-219.177,279.606],[-510.848,280.379],[-531.913,259.425],[-533.613,-382.566],[-512.66,-403.631],[-220.989,-404.404]],"c":false}},"nm":"Path 2","hd":false},{"ty":"fl","c":{"a":0,"k":[0.274509817362,0.51372551918,0.92549020052,1]},"o":{"a":0,"k":100},"r":1,"bm":0,"nm":"Fill 1","hd":false},{"ty":"tr","p":{"a":0,"k":[0,0]},"a":{"a":0,"k":[0,0]},"s":{"a":0,"k":[100,100]},"r":{"a":0,"k":0},"o":{"a":0,"k":100},"sk":{"a":0,"k":0},"sa":{"a":0,"k":0},"nm":"Transform"}],"nm":"Group 3","bm":0,"hd":false},{"ty":"gr","it":[{"ty":"gr","it":[{"ty":"gr","it":[{"ty":"gr","it":[{"ty":"gr","it":[{"ty":"gr","it":[{"ind":0,"ty":"sh","ks":{"a":0,"k":{"i":[[7.836,-0.021],[0,0],[0.021,7.836],[0,0],[-7.836,0.021],[0,0],[-0.021,-7.836],[0,0]],"o":[[0,0],[-7.836,0.021],[0,0],[-0.021,-7.836],[0,0],[7.836,-0.021],[0,0],[0.021,7.836]],"v":[[-245.472,217.646],[-485.845,218.282],[-500.07,204.132],[-500.183,161.398],[-486.033,147.172],[-245.66,146.536],[-231.435,160.686],[-231.321,203.42]],"c":true}},"nm":"Path 1","hd":false},{"ty":"fl","c":{"a":0,"k":[0.937254905701,0.89411765337,0.709803938866,1]},"o":{"a":0,"k":100},"r":1,"bm":0,"nm":"Fill 1","hd":false},{"ty":"tr","p":{"a":0,"k":[0,0]},"a":{"a":0,"k":[0,0]},"s":{"a":0,"k":[100,100]},"r":{"a":0,"k":0},"o":{"a":0,"k":100},"sk":{"a":0,"k":0},"sa":{"a":0,"k":0},"nm":"Transform"}],"nm":"Group 1","bm":0,"hd":false},{"ty":"tr","p":{"a":0,"k":[0,0]},"a":{"a":0,"k":[0,0]},"s":{"a":0,"k":[100,100]},"r":{"a":0,"k":0},"o":{"a":0,"k":100},"sk":{"a":0,"k":0},"sa":{"a":0,"k":0},"nm":"Transform"}],"nm":"Group 1","bm":0,"hd":false},{"ty":"tr","p":{"a":0,"k":[0,0]},"a":{"a":0,"k":[0,0]},"s":{"a":0,"k":[100,100]},"r":{"a":0,"k":0},"o":{"a":0,"k":100},"sk":{"a":0,"k":0},"sa":{"a":0,"k":0},"nm":"Transform"}],"nm":"Group 2","bm":0,"hd":false},{"ty":"tr","p":{"a":0,"k":[0,0]},"a":{"a":0,"k":[0,0]},"s":{"a":0,"k":[100,100]},"r":{"a":0,"k":0},"o":{"a":0,"k":100},"sk":{"a":0,"k":0},"sa":{"a":0,"k":0},"nm":"Transform"}],"nm":"Group 1","bm":0,"hd":false},{"ty":"tr","p":{"a":0,"k":[0,0]},"a":{"a":0,"k":[0,0]},"s":{"a":0,"k":[100,100]},"r":{"a":0,"k":0},"o":{"a":0,"k":100},"sk":{"a":0,"k":0},"sa":{"a":0,"k":0},"nm":"Transform"}],"nm":"Group 1","bm":0,"hd":false},{"ty":"gr","it":[{"ty":"gr","it":[{"ty":"gr","it":[{"ty":"gr","it":[{"ty":"gr","it":[{"ind":0,"ty":"sh","ks":{"a":0,"k":{"i":[[7.836,-0.021],[0,0],[0.021,7.836],[0,0],[-7.836,0.021],[0,0],[-0.021,-7.836],[0,0]],"o":[[0,0],[-7.836,0.021],[0,0],[-0.021,-7.836],[0,0],[7.836,-0.021],[0,0],[0.021,7.836]],"v":[[-245.803,92.448],[-486.176,93.085],[-500.402,78.934],[-500.515,36.2],[-486.365,21.975],[-245.992,21.338],[-231.766,35.488],[-231.653,78.222]],"c":true}},"nm":"Path 1","hd":false},{"ty":"fl","c":{"a":0,"k":[0.937254905701,0.89411765337,0.709803938866,1]},"o":{"a":0,"k":100},"r":1,"bm":0,"nm":"Fill 1","hd":false},{"ty":"tr","p":{"a":0,"k":[0,0]},"a":{"a":0,"k":[0,0]},"s":{"a":0,"k":[100,100]},"r":{"a":0,"k":0},"o":{"a":0,"k":100},"sk":{"a":0,"k":0},"sa":{"a":0,"k":0},"nm":"Transform"}],"nm":"Group 1","bm":0,"hd":false},{"ty":"tr","p":{"a":0,"k":[0,0]},"a":{"a":0,"k":[0,0]},"s":{"a":0,"k":[100,100]},"r":{"a":0,"k":0},"o":{"a":0,"k":100},"sk":{"a":0,"k":0},"sa":{"a":0,"k":0},"nm":"Transform"}],"nm":"Group 1","bm":0,"hd":false},{"ty":"tr","p":{"a":0,"k":[0,0]},"a":{"a":0,"k":[0,0]},"s":{"a":0,"k":[100,100]},"r":{"a":0,"k":0},"o":{"a":0,"k":100},"sk":{"a":0,"k":0},"sa":{"a":0,"k":0},"nm":"Transform"}],"nm":"Group 2","bm":0,"hd":false},{"ty":"tr","p":{"a":0,"k":[0,0]},"a":{"a":0,"k":[0,0]},"s":{"a":0,"k":[100,100]},"r":{"a":0,"k":0},"o":{"a":0,"k":100},"sk":{"a":0,"k":0},"sa":{"a":0,"k":0},"nm":"Transform"}],"nm":"Group 1","bm":0,"hd":false},{"ty":"tr","p":{"a":0,"k":[0,0]},"a":{"a":0,"k":[0,0]},"s":{"a":0,"k":[100,100]},"r":{"a":0,"k":0},"o":{"a":0,"k":100},"sk":{"a":0,"k":0},"sa":{"a":0,"k":0},"nm":"Transform"}],"nm":"Group 2","bm":0,"hd":false},{"ty":"tr","p":{"a":0,"k":[0,0]},"a":{"a":0,"k":[0,0]},"s":{"a":0,"k":[100,100]},"r":{"a":0,"k":0},"o":{"a":0,"k":100},"sk":{"a":0,"k":0},"sa":{"a":0,"k":0},"nm":"Transform"}],"nm":"Group 4","bm":0,"hd":false},{"ty":"gr","it":[{"ind":0,"ty":"sh","ks":{"a":0,"k":{"i":[[16.572,-0.044],[0,0],[-1.821,15.849],[0,0],[-16.572,0.044],[0,0],[-0.044,-16.572],[0,0]],"o":[[0,0],[-16.572,0.044],[0,0],[-1.909,-17.295],[0,0],[16.572,-0.044],[0,0],[0.044,16.572]],"v":[[-221.048,287.933],[-512.93,288.706],[-541.151,259.502],[-542.852,-382.701],[-514.791,-413.509],[-222.908,-414.282],[-192.823,-384.356],[-191.121,257.847]],"c":true}},"nm":"Path 1","hd":false},{"ty":"fl","c":{"a":0,"k":[1,1,1,1]},"o":{"a":0,"k":100},"r":1,"bm":0,"nm":"Fill 1","hd":false},{"ty":"tr","p":{"a":0,"k":[0,0]},"a":{"a":0,"k":[0,0]},"s":{"a":0,"k":[100,100]},"r":{"a":0,"k":0},"o":{"a":0,"k":100},"sk":{"a":0,"k":0},"sa":{"a":0,"k":0},"nm":"Transform"}],"nm":"Group 5","bm":0,"hd":false},{"ty":"gr","it":[{"ind":0,"ty":"sh","ks":{"a":0,"k":{"i":[[15.846,-0.042],[0,0],[0.042,15.846],[0,0],[-15.846,0.042],[0,0],[-0.042,-15.846],[0,0]],"o":[[0,0],[-15.846,0.042],[0,0],[-0.042,-15.846],[0,0],[15.846,-0.042],[0,0],[0.042,15.846]],"v":[[-241.171,288.819],[-535.682,289.599],[-564.45,260.983],[-566.156,-383.225],[-537.541,-411.993],[-243.03,-412.773],[-214.262,-384.157],[-212.555,260.051]],"c":true}},"nm":"Path 1","hd":false},{"ty":"fl","c":{"a":0,"k":[0.007843137719,0.007843137719,0.007843137719,1]},"o":{"a":0,"k":100},"r":1,"bm":0,"nm":"Fill 1","hd":false},{"ty":"tr","p":{"a":0,"k":[0,0]},"a":{"a":0,"k":[0,0]},"s":{"a":0,"k":[100,100]},"r":{"a":0,"k":0},"o":{"a":0,"k":100},"sk":{"a":0,"k":0},"sa":{"a":0,"k":0},"nm":"Transform"}],"nm":"Group 6","bm":0,"hd":false}],"ip":0,"op":109,"st":0,"bm":0},{"ddd":0,"ind":21,"ty":4,"nm":"Isolation Mode 3","sr":1,"ks":{"o":{"a":0,"k":100},"r":{"a":0,"k":0},"p":{"a":0,"k":[747.055,1004.297,0]},"a":{"a":0,"k":[-52.945,204.297,0]},"s":{"a":0,"k":[100,100,100]}},"ao":0,"shapes":[{"ty":"gr","it":[{"ind":0,"ty":"sh","ks":{"a":0,"k":{"i":[[0,0],[0,0],[0,0],[0,0]],"o":[[0,0],[0,0],[0,0],[0,0]],"v":[[175.13,146.005],[175.13,155.029],[77.54,166.205],[77.54,146.005]],"c":true}},"nm":"Path 1","hd":false},{"ty":"fl","c":{"a":0,"k":[0.007843137719,0.007843137719,0.007843137719,1]},"o":{"a":0,"k":100},"r":1,"bm":0,"nm":"Fill 1","hd":false},{"ty":"tr","p":{"a":0,"k":[0,0]},"a":{"a":0,"k":[0,0]},"s":{"a":0,"k":[100,100]},"r":{"a":0,"k":0},"o":{"a":0,"k":100},"sk":{"a":0,"k":0},"sa":{"a":0,"k":0},"nm":"Transform"}],"nm":"Group 1","bm":0,"hd":false},{"ty":"gr","it":[{"ind":0,"ty":"sh","ks":{"a":0,"k":{"i":[[0,0],[0,0],[0,0],[0,0]],"o":[[0,0],[0,0],[0,0],[0,0]],"v":[[-101.732,146.005],[-4.155,146.005],[-4.155,175.563],[-101.732,186.752]],"c":true}},"nm":"Path 1","hd":false},{"ty":"fl","c":{"a":0,"k":[0.007843137719,0.007843137719,0.007843137719,1]},"o":{"a":0,"k":100},"r":1,"bm":0,"nm":"Fill 1","hd":false},{"ty":"tr","p":{"a":0,"k":[0,0]},"a":{"a":0,"k":[0,0]},"s":{"a":0,"k":[100,100]},"r":{"a":0,"k":0},"o":{"a":0,"k":100},"sk":{"a":0,"k":0},"sa":{"a":0,"k":0},"nm":"Transform"}],"nm":"Group 2","bm":0,"hd":false},{"ty":"gr","it":[{"ind":0,"ty":"sh","ks":{"a":0,"k":{"i":[[0,0],[0,0],[0,0],[0,0]],"o":[[0,0],[0,0],[0,0],[0,0]],"v":[[-281.018,146.005],[-183.44,146.005],[-183.44,196.11],[-281.018,207.286]],"c":true}},"nm":"Path 1","hd":false},{"ty":"fl","c":{"a":0,"k":[0.007843137719,0.007843137719,0.007843137719,1]},"o":{"a":0,"k":100},"r":1,"bm":0,"nm":"Fill 1","hd":false},{"ty":"tr","p":{"a":0,"k":[0,0]},"a":{"a":0,"k":[0,0]},"s":{"a":0,"k":[100,100]},"r":{"a":0,"k":0},"o":{"a":0,"k":100},"sk":{"a":0,"k":0},"sa":{"a":0,"k":0},"nm":"Transform"}],"nm":"Group 3","bm":0,"hd":false},{"ty":"gr","it":[{"ind":0,"ty":"sh","ks":{"a":0,"k":{"i":[[0,0],[0,0],[0,0],[0,0]],"o":[[0,0],[0,0],[0,0],[0,0]],"v":[[297.113,116.848],[-403.003,116.848],[-403.003,99.095],[297.113,99.095]],"c":true}},"nm":"Path 1","hd":false},{"ty":"fl","c":{"a":0,"k":[0.007843137719,0.007843137719,0.007843137719,1]},"o":{"a":0,"k":100},"r":1,"bm":0,"nm":"Fill 1","hd":false},{"ty":"tr","p":{"a":0,"k":[0,0]},"a":{"a":0,"k":[0,0]},"s":{"a":0,"k":[100,100]},"r":{"a":0,"k":0},"o":{"a":0,"k":100},"sk":{"a":0,"k":0},"sa":{"a":0,"k":0},"nm":"Transform"}],"nm":"Group 4","bm":0,"hd":false},{"ty":"gr","it":[{"ind":0,"ty":"sh","ks":{"a":0,"k":{"i":[[0,0],[0,0],[0,0],[0,0]],"o":[[0,0],[0,0],[0,0],[0,0]],"v":[[297.113,146.006],[-403.003,146.006],[-403.003,99.095],[297.113,99.095]],"c":true}},"nm":"Path 1","hd":false},{"ty":"st","c":{"a":0,"k":[0.007843137719,0.007843137719,0.007843137719,1]},"o":{"a":0,"k":100},"w":{"a":0,"k":1.7},"lc":2,"lj":2,"bm":0,"nm":"Stroke 1","hd":false},{"ty":"fl","c":{"a":0,"k":[1,1,1,1]},"o":{"a":0,"k":100},"r":1,"bm":0,"nm":"Fill 1","hd":false},{"ty":"tr","p":{"a":0,"k":[0,0]},"a":{"a":0,"k":[0,0]},"s":{"a":0,"k":[100,100]},"r":{"a":0,"k":0},"o":{"a":0,"k":100},"sk":{"a":0,"k":0},"sa":{"a":0,"k":0},"nm":"Transform"}],"nm":"Group 5","bm":0,"hd":false},{"ty":"gr","it":[{"ind":0,"ty":"sh","ks":{"a":0,"k":{"i":[[0,0],[0,0],[0,0],[0,0]],"o":[[0,0],[0,0],[0,0],[0,0]],"v":[[297.113,490.576],[-403.003,490.576],[-403.003,443.305],[297.113,443.305]],"c":true}},"nm":"Path 1","hd":false},{"ty":"st","c":{"a":0,"k":[0.007843137719,0.007843137719,0.007843137719,1]},"o":{"a":0,"k":100},"w":{"a":0,"k":1.7},"lc":2,"lj":2,"bm":0,"nm":"Stroke 1","hd":false},{"ty":"fl","c":{"a":0,"k":[1,1,1,1]},"o":{"a":0,"k":100},"r":1,"bm":0,"nm":"Fill 1","hd":false},{"ty":"tr","p":{"a":0,"k":[0,0]},"a":{"a":0,"k":[0,0]},"s":{"a":0,"k":[100,100]},"r":{"a":0,"k":0},"o":{"a":0,"k":100},"sk":{"a":0,"k":0},"sa":{"a":0,"k":0},"nm":"Transform"}],"nm":"Group 6","bm":0,"hd":false},{"ty":"gr","it":[{"ty":"gr","it":[{"ind":0,"ty":"sh","ks":{"a":0,"k":{"i":[[0,0],[0,0],[0,0],[0,0]],"o":[[0,0],[0,0],[0,0],[0,0]],"v":[[175.13,146.005],[175.13,443.308],[77.54,443.308],[77.54,146.005]],"c":true}},"nm":"Path 1","hd":false},{"ty":"fl","c":{"a":0,"k":[0.007843137719,0.54509806633,0.203921571374,1]},"o":{"a":0,"k":100},"r":1,"bm":0,"nm":"Fill 1","hd":false},{"ty":"tr","p":{"a":0,"k":[0,0]},"a":{"a":0,"k":[0,0]},"s":{"a":0,"k":[100,100]},"r":{"a":0,"k":0},"o":{"a":0,"k":100},"sk":{"a":0,"k":0},"sa":{"a":0,"k":0},"nm":"Transform"}],"nm":"Group 1","bm":0,"hd":false},{"ty":"gr","it":[{"ind":0,"ty":"sh","ks":{"a":0,"k":{"i":[[0,0],[0,0],[0,0],[0,0]],"o":[[0,0],[0,0],[0,0],[0,0]],"v":[[-4.155,146.005],[-4.155,443.308],[-101.732,443.308],[-101.732,146.005]],"c":true}},"nm":"Path 1","hd":false},{"ty":"fl","c":{"a":0,"k":[0.007843137719,0.54509806633,0.203921571374,1]},"o":{"a":0,"k":100},"r":1,"bm":0,"nm":"Fill 1","hd":false},{"ty":"tr","p":{"a":0,"k":[0,0]},"a":{"a":0,"k":[0,0]},"s":{"a":0,"k":[100,100]},"r":{"a":0,"k":0},"o":{"a":0,"k":100},"sk":{"a":0,"k":0},"sa":{"a":0,"k":0},"nm":"Transform"}],"nm":"Group 2","bm":0,"hd":false},{"ty":"gr","it":[{"ind":0,"ty":"sh","ks":{"a":0,"k":{"i":[[0,0],[0,0],[0,0],[0,0]],"o":[[0,0],[0,0],[0,0],[0,0]],"v":[[-183.44,146.005],[-183.44,443.308],[-281.018,443.308],[-281.018,146.005]],"c":true}},"nm":"Path 1","hd":false},{"ty":"fl","c":{"a":0,"k":[0.007843137719,0.54509806633,0.203921571374,1]},"o":{"a":0,"k":100},"r":1,"bm":0,"nm":"Fill 1","hd":false},{"ty":"tr","p":{"a":0,"k":[0,0]},"a":{"a":0,"k":[0,0]},"s":{"a":0,"k":[100,100]},"r":{"a":0,"k":0},"o":{"a":0,"k":100},"sk":{"a":0,"k":0},"sa":{"a":0,"k":0},"nm":"Transform"}],"nm":"Group 3","bm":0,"hd":false},{"ty":"tr","p":{"a":0,"k":[0,0]},"a":{"a":0,"k":[0,0]},"s":{"a":0,"k":[100,100]},"r":{"a":0,"k":0},"o":{"a":0,"k":100},"sk":{"a":0,"k":0},"sa":{"a":0,"k":0},"nm":"Transform"}],"nm":"Group 7","bm":0,"hd":false},{"ty":"gr","it":[{"ty":"gr","it":[{"ty":"gr","it":[{"ind":0,"ty":"sh","ks":{"a":0,"k":{"i":[[0,2.225],[1.318,1.285],[3.123,1.04],[1.99,2.133],[0,3.288],[-1.949,2.143],[-3.409,0.408],[0,0],[0,0],[0,0],[-1.909,-2.409],[0,-4.184],[0,0],[1.367,1.7],[2.327,0],[1.287,-1.257],[0,-2.249],[-1.358,-1.237],[-3.112,-1.013],[-1.746,-1.214],[-0.827,-1.612],[0,-2.164],[2.07,-2.102],[3.736,-0.389],[0,0],[0,0],[0,0],[2.154,2.357],[0,4.042],[0,0],[-1.492,-1.532],[-2.736,0],[-1.53,1.287]],"o":[[0,-1.878],[-1.317,-1.287],[-4.347,-1.327],[-1.99,-2.133],[0,-3.347],[1.949,-2.143],[0,0],[0,0],[0,0],[3.43,0.469],[1.909,2.407],[0,0],[0,-2.888],[-1.369,-1.699],[-2.43,0],[-1.285,1.257],[0,2.086],[1.358,1.237],[3.112,1.013],[1.746,1.214],[0.827,1.614],[0,3.449],[-2.072,2.103],[0,0],[0,0],[0,0],[-3.797,-0.347],[-2.154,-2.359],[0,0],[0,2.838],[1.488,1.53],[2.673,0],[1.532,-1.285]],"v":[[-44.355,9.72],[-46.332,4.975],[-52.991,1.484],[-62.498,-3.705],[-65.484,-11.835],[-62.559,-20.071],[-54.521,-23.899],[-54.521,-30.605],[-49.96,-30.605],[-49.96,-23.868],[-41.953,-19.55],[-39.089,-9.661],[-44.724,-9.661],[-46.775,-16.542],[-52.317,-19.092],[-57.89,-17.206],[-59.818,-11.945],[-57.783,-6.96],[-51.077,-3.585],[-43.789,-0.245],[-39.932,3.994],[-38.692,9.66],[-41.799,17.988],[-50.511,21.724],[-50.511,27.571],[-55.042,27.571],[-55.042,21.724],[-63.968,17.666],[-67.198,8.067],[-61.533,8.067],[-59.297,14.62],[-52.96,16.916],[-46.653,14.986]],"c":true}},"nm":"Path 1","hd":false},{"ty":"fl","c":{"a":0,"k":[1,1,1,1]},"o":{"a":0,"k":100},"r":1,"bm":0,"nm":"Fill 1","hd":false},{"ty":"tr","p":{"a":0,"k":[0,0]},"a":{"a":0,"k":[0,0]},"s":{"a":0,"k":[100,100]},"r":{"a":0,"k":0},"o":{"a":0,"k":100},"sk":{"a":0,"k":0},"sa":{"a":0,"k":0},"nm":"Transform"}],"nm":"Group 1","bm":0,"hd":false},{"ty":"tr","p":{"a":0,"k":[0,0]},"a":{"a":0,"k":[0,0]},"s":{"a":0,"k":[100,100]},"r":{"a":0,"k":0},"o":{"a":0,"k":100},"sk":{"a":0,"k":0},"sa":{"a":0,"k":0},"nm":"Transform"}],"nm":"Group 1","bm":0,"hd":false},{"ty":"gr","it":[{"ind":0,"ty":"sh","ks":{"a":0,"k":{"i":[[0,-33.883],[33.883,0],[0,33.883],[-33.883,0]],"o":[[0,33.883],[-33.883,0],[0,-33.883],[33.883,0]],"v":[[8.405,-1.517],[-52.945,59.833],[-114.295,-1.517],[-52.945,-62.867]],"c":true}},"nm":"Path 1","hd":false},{"ty":"fl","c":{"a":0,"k":[0.007843137719,0.54509806633,0.203921571374,1]},"o":{"a":0,"k":100},"r":1,"bm":0,"nm":"Fill 1","hd":false},{"ty":"tr","p":{"a":0,"k":[0,0]},"a":{"a":0,"k":[0,0]},"s":{"a":0,"k":[100,100]},"r":{"a":0,"k":0},"o":{"a":0,"k":100},"sk":{"a":0,"k":0},"sa":{"a":0,"k":0},"nm":"Transform"}],"nm":"Group 2","bm":0,"hd":false},{"ty":"tr","p":{"a":0,"k":[0,0]},"a":{"a":0,"k":[0,0]},"s":{"a":0,"k":[100,100]},"r":{"a":0,"k":0},"o":{"a":0,"k":100},"sk":{"a":0,"k":0},"sa":{"a":0,"k":0},"nm":"Transform"}],"nm":"Group 8","bm":0,"hd":false},{"ty":"gr","it":[{"ind":0,"ty":"sh","ks":{"a":0,"k":{"i":[[0,0],[0,0],[0,0],[0,0]],"o":[[0,0],[0,0],[0,0],[0,0]],"v":[[329.955,537.846],[-435.844,537.846],[-435.844,490.576],[329.955,490.576]],"c":true}},"nm":"Path 1","hd":false},{"ty":"st","c":{"a":0,"k":[0.007843137719,0.007843137719,0.007843137719,1]},"o":{"a":0,"k":100},"w":{"a":0,"k":1.7},"lc":2,"lj":2,"bm":0,"nm":"Stroke 1","hd":false},{"ty":"fl","c":{"a":0,"k":[1,1,1,1]},"o":{"a":0,"k":100},"r":1,"bm":0,"nm":"Fill 1","hd":false},{"ty":"tr","p":{"a":0,"k":[0,0]},"a":{"a":0,"k":[0,0]},"s":{"a":0,"k":[100,100]},"r":{"a":0,"k":0},"o":{"a":0,"k":100},"sk":{"a":0,"k":0},"sa":{"a":0,"k":0},"nm":"Transform"}],"nm":"Group 9","bm":0,"hd":false},{"ty":"gr","it":[{"ind":0,"ty":"sh","ks":{"a":0,"k":{"i":[[0,0],[0,0],[0,0],[0,0]],"o":[[0,0],[0,0],[0,0],[0,0]],"v":[[259.684,443.305],[-365.574,443.305],[-365.574,146.006],[259.684,146.006]],"c":true}},"nm":"Path 1","hd":false},{"ty":"st","c":{"a":0,"k":[0.007843137719,0.007843137719,0.007843137719,1]},"o":{"a":0,"k":100},"w":{"a":0,"k":1.7},"lc":2,"lj":2,"bm":0,"nm":"Stroke 1","hd":false},{"ty":"fl","c":{"a":0,"k":[1,1,1,1]},"o":{"a":0,"k":100},"r":1,"bm":0,"nm":"Fill 1","hd":false},{"ty":"tr","p":{"a":0,"k":[0,0]},"a":{"a":0,"k":[0,0]},"s":{"a":0,"k":[100,100]},"r":{"a":0,"k":0},"o":{"a":0,"k":100},"sk":{"a":0,"k":0},"sa":{"a":0,"k":0},"nm":"Transform"}],"nm":"Group 10","bm":0,"hd":false},{"ty":"gr","it":[{"ind":0,"ty":"sh","ks":{"a":0,"k":{"i":[[0,0],[0,0],[0,0]],"o":[[0,0],[0,0],[0,0]],"v":[[-52.945,-129.251],[-447.176,99.095],[341.286,99.095]],"c":true}},"nm":"Path 1","hd":false},{"ty":"st","c":{"a":0,"k":[0.007843137719,0.007843137719,0.007843137719,1]},"o":{"a":0,"k":100},"w":{"a":0,"k":1.7},"lc":2,"lj":2,"bm":0,"nm":"Stroke 1","hd":false},{"ty":"fl","c":{"a":0,"k":[1,1,1,1]},"o":{"a":0,"k":100},"r":1,"bm":0,"nm":"Fill 1","hd":false},{"ty":"tr","p":{"a":0,"k":[0,0]},"a":{"a":0,"k":[0,0]},"s":{"a":0,"k":[100,100]},"r":{"a":0,"k":0},"o":{"a":0,"k":100},"sk":{"a":0,"k":0},"sa":{"a":0,"k":0},"nm":"Transform"}],"nm":"Group 11","bm":0,"hd":false}],"ip":0,"op":109,"st":0,"bm":0},{"ddd":0,"ind":22,"ty":4,"nm":"Isolation Mode 2","sr":1,"ks":{"o":{"a":0,"k":100},"r":{"k":[{"s":[7.373],"t":0,"i":{"x":[1],"y":[1]},"o":{"x":[0],"y":[0]}},{"s":[7.284],"t":1,"i":{"x":[1],"y":[1]},"o":{"x":[0],"y":[0]}},{"s":[7.217],"t":2,"i":{"x":[1],"y":[1]},"o":{"x":[0],"y":[0]}},{"s":[7.169],"t":3,"i":{"x":[1],"y":[1]},"o":{"x":[0],"y":[0]}},{"s":[7.139],"t":4,"i":{"x":[1],"y":[1]},"o":{"x":[0],"y":[0]}},{"s":[7.125],"t":5,"i":{"x":[1],"y":[1]},"o":{"x":[0],"y":[0]}},{"s":[7.128],"t":6,"i":{"x":[1],"y":[1]},"o":{"x":[0],"y":[0]}},{"s":[7.147],"t":7,"i":{"x":[1],"y":[1]},"o":{"x":[0],"y":[0]}},{"s":[7.18],"t":8,"i":{"x":[1],"y":[1]},"o":{"x":[0],"y":[0]}},{"s":[7.227],"t":9,"i":{"x":[1],"y":[1]},"o":{"x":[0],"y":[0]}},{"s":[7.288],"t":10,"i":{"x":[1],"y":[1]},"o":{"x":[0],"y":[0]}},{"s":[7.361],"t":11,"i":{"x":[1],"y":[1]},"o":{"x":[0],"y":[0]}},{"s":[7.445],"t":12,"i":{"x":[1],"y":[1]},"o":{"x":[0],"y":[0]}},{"s":[7.541],"t":13,"i":{"x":[1],"y":[1]},"o":{"x":[0],"y":[0]}},{"s":[7.647],"t":14,"i":{"x":[1],"y":[1]},"o":{"x":[0],"y":[0]}},{"s":[7.763],"t":15,"i":{"x":[1],"y":[1]},"o":{"x":[0],"y":[0]}},{"s":[7.887],"t":16,"i":{"x":[1],"y":[1]},"o":{"x":[0],"y":[0]}},{"s":[8.019],"t":17,"i":{"x":[1],"y":[1]},"o":{"x":[0],"y":[0]}},{"s":[8.158],"t":18,"i":{"x":[1],"y":[1]},"o":{"x":[0],"y":[0]}},{"s":[8.304],"t":19,"i":{"x":[1],"y":[1]},"o":{"x":[0],"y":[0]}},{"s":[8.456],"t":20,"i":{"x":[1],"y":[1]},"o":{"x":[0],"y":[0]}},{"s":[8.612],"t":21,"i":{"x":[1],"y":[1]},"o":{"x":[0],"y":[0]}},{"s":[8.773],"t":22,"i":{"x":[1],"y":[1]},"o":{"x":[0],"y":[0]}},{"s":[8.938],"t":23,"i":{"x":[1],"y":[1]},"o":{"x":[0],"y":[0]}},{"s":[9.105],"t":24,"i":{"x":[1],"y":[1]},"o":{"x":[0],"y":[0]}},{"s":[9.275],"t":25,"i":{"x":[1],"y":[1]},"o":{"x":[0],"y":[0]}},{"s":[9.447],"t":26,"i":{"x":[1],"y":[1]},"o":{"x":[0],"y":[0]}},{"s":[9.619],"t":27,"i":{"x":[1],"y":[1]},"o":{"x":[0],"y":[0]}},{"s":[9.791],"t":28,"i":{"x":[1],"y":[1]},"o":{"x":[0],"y":[0]}},{"s":[9.963],"t":29,"i":{"x":[1],"y":[1]},"o":{"x":[0],"y":[0]}},{"s":[10.134],"t":30,"i":{"x":[1],"y":[1]},"o":{"x":[0],"y":[0]}},{"s":[10.304],"t":31,"i":{"x":[1],"y":[1]},"o":{"x":[0],"y":[0]}},{"s":[10.471],"t":32,"i":{"x":[1],"y":[1]},"o":{"x":[0],"y":[0]}},{"s":[10.635],"t":33,"i":{"x":[1],"y":[1]},"o":{"x":[0],"y":[0]}},{"s":[10.796],"t":34,"i":{"x":[1],"y":[1]},"o":{"x":[0],"y":[0]}},{"s":[10.953],"t":35,"i":{"x":[1],"y":[1]},"o":{"x":[0],"y":[0]}},{"s":[11.105],"t":36,"i":{"x":[1],"y":[1]},"o":{"x":[0],"y":[0]}},{"s":[11.253],"t":37,"i":{"x":[1],"y":[1]},"o":{"x":[0],"y":[0]}},{"s":[11.395],"t":38,"i":{"x":[1],"y":[1]},"o":{"x":[0],"y":[0]}},{"s":[11.53],"t":39,"i":{"x":[1],"y":[1]},"o":{"x":[0],"y":[0]}},{"s":[11.66],"t":40,"i":{"x":[1],"y":[1]},"o":{"x":[0],"y":[0]}},{"s":[11.782],"t":41,"i":{"x":[1],"y":[1]},"o":{"x":[0],"y":[0]}},{"s":[11.897],"t":42,"i":{"x":[1],"y":[1]},"o":{"x":[0],"y":[0]}},{"s":[12.005],"t":43,"i":{"x":[1],"y":[1]},"o":{"x":[0],"y":[0]}},{"s":[12.104],"t":44,"i":{"x":[1],"y":[1]},"o":{"x":[0],"y":[0]}},{"s":[12.194],"t":45,"i":{"x":[1],"y":[1]},"o":{"x":[0],"y":[0]}},{"s":[12.276],"t":46,"i":{"x":[1],"y":[1]},"o":{"x":[0],"y":[0]}},{"s":[12.349],"t":47,"i":{"x":[1],"y":[1]},"o":{"x":[0],"y":[0]}},{"s":[12.413],"t":48,"i":{"x":[1],"y":[1]},"o":{"x":[0],"y":[0]}},{"s":[12.466],"t":49,"i":{"x":[1],"y":[1]},"o":{"x":[0],"y":[0]}},{"s":[12.51],"t":50,"i":{"x":[1],"y":[1]},"o":{"x":[0],"y":[0]}},{"s":[12.544],"t":51,"i":{"x":[1],"y":[1]},"o":{"x":[0],"y":[0]}},{"s":[12.567],"t":52,"i":{"x":[1],"y":[1]},"o":{"x":[0],"y":[0]}},{"s":[12.581],"t":53,"i":{"x":[1],"y":[1]},"o":{"x":[0],"y":[0]}},{"s":[12.575],"t":55,"i":{"x":[1],"y":[1]},"o":{"x":[0],"y":[0]}},{"s":[12.556],"t":56,"i":{"x":[1],"y":[1]},"o":{"x":[0],"y":[0]}},{"s":[12.527],"t":57,"i":{"x":[1],"y":[1]},"o":{"x":[0],"y":[0]}},{"s":[12.487],"t":58,"i":{"x":[1],"y":[1]},"o":{"x":[0],"y":[0]}},{"s":[12.436],"t":59,"i":{"x":[1],"y":[1]},"o":{"x":[0],"y":[0]}},{"s":[12.375],"t":60,"i":{"x":[1],"y":[1]},"o":{"x":[0],"y":[0]}},{"s":[12.303],"t":61,"i":{"x":[1],"y":[1]},"o":{"x":[0],"y":[0]}},{"s":[12.221],"t":62,"i":{"x":[1],"y":[1]},"o":{"x":[0],"y":[0]}},{"s":[12.128],"t":63,"i":{"x":[1],"y":[1]},"o":{"x":[0],"y":[0]}},{"s":[12.026],"t":64,"i":{"x":[1],"y":[1]},"o":{"x":[0],"y":[0]}},{"s":[11.914],"t":65,"i":{"x":[1],"y":[1]},"o":{"x":[0],"y":[0]}},{"s":[11.793],"t":66,"i":{"x":[1],"y":[1]},"o":{"x":[0],"y":[0]}},{"s":[11.662],"t":67,"i":{"x":[1],"y":[1]},"o":{"x":[0],"y":[0]}},{"s":[11.523],"t":68,"i":{"x":[1],"y":[1]},"o":{"x":[0],"y":[0]}},{"s":[11.376],"t":69,"i":{"x":[1],"y":[1]},"o":{"x":[0],"y":[0]}},{"s":[11.22],"t":70,"i":{"x":[1],"y":[1]},"o":{"x":[0],"y":[0]}},{"s":[11.057],"t":71,"i":{"x":[1],"y":[1]},"o":{"x":[0],"y":[0]}},{"s":[10.888],"t":72,"i":{"x":[1],"y":[1]},"o":{"x":[0],"y":[0]}},{"s":[10.712],"t":73,"i":{"x":[1],"y":[1]},"o":{"x":[0],"y":[0]}},{"s":[10.53],"t":74,"i":{"x":[1],"y":[1]},"o":{"x":[0],"y":[0]}},{"s":[10.343],"t":75,"i":{"x":[1],"y":[1]},"o":{"x":[0],"y":[0]}},{"s":[10.152],"t":76,"i":{"x":[1],"y":[1]},"o":{"x":[0],"y":[0]}},{"s":[9.957],"t":77,"i":{"x":[1],"y":[1]},"o":{"x":[0],"y":[0]}},{"s":[9.759],"t":78,"i":{"x":[1],"y":[1]},"o":{"x":[0],"y":[0]}},{"s":[9.559],"t":79,"i":{"x":[1],"y":[1]},"o":{"x":[0],"y":[0]}},{"s":[9.359],"t":80,"i":{"x":[1],"y":[1]},"o":{"x":[0],"y":[0]}},{"s":[9.157],"t":81,"i":{"x":[1],"y":[1]},"o":{"x":[0],"y":[0]}},{"s":[8.957],"t":82,"i":{"x":[1],"y":[1]},"o":{"x":[0],"y":[0]}},{"s":[8.758],"t":83,"i":{"x":[1],"y":[1]},"o":{"x":[0],"y":[0]}},{"s":[8.563],"t":84,"i":{"x":[1],"y":[1]},"o":{"x":[0],"y":[0]}},{"s":[8.371],"t":85,"i":{"x":[1],"y":[1]},"o":{"x":[0],"y":[0]}},{"s":[8.184],"t":86,"i":{"x":[1],"y":[1]},"o":{"x":[0],"y":[0]}},{"s":[8.004],"t":87,"i":{"x":[1],"y":[1]},"o":{"x":[0],"y":[0]}},{"s":[7.831],"t":88,"i":{"x":[1],"y":[1]},"o":{"x":[0],"y":[0]}},{"s":[7.668],"t":89,"i":{"x":[1],"y":[1]},"o":{"x":[0],"y":[0]}},{"s":[7.514],"t":90,"i":{"x":[1],"y":[1]},"o":{"x":[0],"y":[0]}}]},"p":{"a":0,"k":[1182.123,1094.915,0]},"a":{"a":0,"k":[382.123,294.915,0]},"s":{"a":0,"k":[100,100,100]}},"ao":0,"shapes":[{"ty":"gr","it":[{"ty":"gr","it":[{"ty":"gr","it":[{"ind":0,"ty":"sh","ks":{"a":0,"k":{"i":[[1.869,-0.353],[0,0],[0.353,1.869],[0,0],[-1.869,0.353],[0,0],[-0.353,-1.869],[0,0]],"o":[[0,0],[-1.869,0.353],[0,0],[-0.353,-1.869],[0,0],[1.869,-0.353],[0,0],[0.353,1.869]],"v":[[513.242,299.334],[481.417,305.352],[477.393,302.607],[475.882,294.619],[478.627,290.595],[510.452,284.577],[514.476,287.321],[515.986,295.31]],"c":true}},"nm":"Path 1","hd":false},{"ty":"fl","c":{"a":0,"k":[0.007843137719,0.007843137719,0.007843137719,1]},"o":{"a":0,"k":100},"r":1,"bm":0,"nm":"Fill 1","hd":false},{"ty":"tr","p":{"a":0,"k":[0,0]},"a":{"a":0,"k":[0,0]},"s":{"a":0,"k":[100,100]},"r":{"a":0,"k":0},"o":{"a":0,"k":100},"sk":{"a":0,"k":0},"sa":{"a":0,"k":0},"nm":"Transform"}],"nm":"Group 1","bm":0,"hd":false},{"ty":"gr","it":[{"ind":0,"ty":"sh","ks":{"a":0,"k":{"i":[[1.869,-0.353],[0,0],[0.353,1.869],[0,0],[-1.869,0.353],[0,0],[-0.353,-1.869],[0,0]],"o":[[0,0],[-1.869,0.353],[0,0],[-0.353,-1.869],[0,0],[1.869,-0.353],[0,0],[0.353,1.869]],"v":[[439.995,313.185],[408.169,319.203],[404.145,316.458],[402.635,308.47],[405.379,304.446],[437.204,298.428],[441.228,301.172],[442.739,309.161]],"c":true}},"nm":"Path 1","hd":false},{"ty":"fl","c":{"a":0,"k":[0.007843137719,0.007843137719,0.007843137719,1]},"o":{"a":0,"k":100},"r":1,"bm":0,"nm":"Fill 1","hd":false},{"ty":"tr","p":{"a":0,"k":[0,0]},"a":{"a":0,"k":[0,0]},"s":{"a":0,"k":[100,100]},"r":{"a":0,"k":0},"o":{"a":0,"k":100},"sk":{"a":0,"k":0},"sa":{"a":0,"k":0},"nm":"Transform"}],"nm":"Group 2","bm":0,"hd":false},{"ty":"gr","it":[{"ind":0,"ty":"sh","ks":{"a":0,"k":{"i":[[1.869,-0.353],[0,0],[0.353,1.869],[0,0],[-1.869,0.353],[0,0],[-0.353,-1.869],[0,0]],"o":[[0,0],[-1.869,0.353],[0,0],[-0.353,-1.869],[0,0],[1.869,-0.353],[0,0],[0.353,1.869]],"v":[[366.747,327.035],[334.922,333.053],[330.898,330.309],[329.387,322.321],[332.131,318.297],[363.956,312.279],[367.98,315.023],[369.491,323.011]],"c":true}},"nm":"Path 1","hd":false},{"ty":"fl","c":{"a":0,"k":[0.007843137719,0.007843137719,0.007843137719,1]},"o":{"a":0,"k":100},"r":1,"bm":0,"nm":"Fill 1","hd":false},{"ty":"tr","p":{"a":0,"k":[0,0]},"a":{"a":0,"k":[0,0]},"s":{"a":0,"k":[100,100]},"r":{"a":0,"k":0},"o":{"a":0,"k":100},"sk":{"a":0,"k":0},"sa":{"a":0,"k":0},"nm":"Transform"}],"nm":"Group 3","bm":0,"hd":false},{"ty":"gr","it":[{"ind":0,"ty":"sh","ks":{"a":0,"k":{"i":[[1.869,-0.353],[0,0],[0.353,1.869],[0,0],[-1.869,0.353],[0,0],[-0.353,-1.869],[0,0]],"o":[[0,0],[-1.869,0.353],[0,0],[-0.353,-1.869],[0,0],[1.869,-0.353],[0,0],[0.353,1.869]],"v":[[293.499,340.886],[261.674,346.904],[257.65,344.16],[256.139,336.172],[258.883,332.148],[290.709,326.13],[294.733,328.874],[296.243,336.862]],"c":true}},"nm":"Path 1","hd":false},{"ty":"fl","c":{"a":0,"k":[0.007843137719,0.007843137719,0.007843137719,1]},"o":{"a":0,"k":100},"r":1,"bm":0,"nm":"Fill 1","hd":false},{"ty":"tr","p":{"a":0,"k":[0,0]},"a":{"a":0,"k":[0,0]},"s":{"a":0,"k":[100,100]},"r":{"a":0,"k":0},"o":{"a":0,"k":100},"sk":{"a":0,"k":0},"sa":{"a":0,"k":0},"nm":"Transform"}],"nm":"Group 4","bm":0,"hd":false},{"ty":"tr","p":{"a":0,"k":[0,0]},"a":{"a":0,"k":[0,0]},"s":{"a":0,"k":[100,100]},"r":{"a":0,"k":0},"o":{"a":0,"k":100},"sk":{"a":0,"k":0},"sa":{"a":0,"k":0},"nm":"Transform"}],"nm":"Group 1","bm":0,"hd":false},{"ty":"gr","it":[{"ty":"gr","it":[{"ind":0,"ty":"sh","ks":{"a":0,"k":{"i":[[3.006,-0.568],[0,0],[0.568,3.006],[0,0],[-3.006,0.568],[0,0],[-0.568,-3.006],[0,0]],"o":[[0,0],[-3.006,0.568],[0,0],[-0.568,-3.006],[0,0],[3.006,-0.568],[0,0],[0.568,3.006]],"v":[[456.442,349.425],[405.78,359.005],[399.308,354.592],[399.308,354.592],[403.722,348.12],[454.384,338.539],[460.856,342.953],[460.856,342.953]],"c":true}},"nm":"Path 1","hd":false},{"ty":"fl","c":{"a":0,"k":[1,1,1,1]},"o":{"a":0,"k":100},"r":1,"bm":0,"nm":"Fill 1","hd":false},{"ty":"tr","p":{"a":0,"k":[0,0]},"a":{"a":0,"k":[0,0]},"s":{"a":0,"k":[100,100]},"r":{"a":0,"k":0},"o":{"a":0,"k":100},"sk":{"a":0,"k":0},"sa":{"a":0,"k":0},"nm":"Transform"}],"nm":"Group 1","bm":0,"hd":false},{"ty":"gr","it":[{"ind":0,"ty":"sh","ks":{"a":0,"k":{"i":[[3.006,-0.568],[0,0],[0.568,3.006],[0,0],[-3.006,0.568],[0,0],[-0.568,-3.006],[0,0]],"o":[[0,0],[-3.006,0.568],[0,0],[-0.568,-3.006],[0,0],[3.006,-0.568],[0,0],[0.568,3.006]],"v":[[359.679,367.723],[270.917,384.508],[264.445,380.094],[264.445,380.094],[268.859,373.622],[357.621,356.837],[364.093,361.251],[364.093,361.251]],"c":true}},"nm":"Path 1","hd":false},{"ty":"fl","c":{"a":0,"k":[1,1,1,1]},"o":{"a":0,"k":100},"r":1,"bm":0,"nm":"Fill 1","hd":false},{"ty":"tr","p":{"a":0,"k":[0,0]},"a":{"a":0,"k":[0,0]},"s":{"a":0,"k":[100,100]},"r":{"a":0,"k":0},"o":{"a":0,"k":100},"sk":{"a":0,"k":0},"sa":{"a":0,"k":0},"nm":"Transform"}],"nm":"Group 2","bm":0,"hd":false},{"ty":"tr","p":{"a":0,"k":[0,0]},"a":{"a":0,"k":[0,0]},"s":{"a":0,"k":[100,100]},"r":{"a":0,"k":0},"o":{"a":0,"k":100},"sk":{"a":0,"k":0},"sa":{"a":0,"k":0},"nm":"Transform"}],"nm":"Group 2","bm":0,"hd":false},{"ty":"gr","it":[{"ty":"gr","it":[{"ind":0,"ty":"sh","ks":{"a":0,"k":{"i":[[-2.19,-11.58],[11.58,-2.19],[2.19,11.58],[-11.58,2.19]],"o":[[2.19,11.58],[-11.58,2.19],[-2.19,-11.58],[11.58,-2.19]],"v":[[499.85,228.918],[482.848,253.849],[457.917,236.848],[474.918,211.916]],"c":true}},"nm":"Path 1","hd":false},{"ty":"fl","c":{"a":0,"k":[1,0.752941191196,0.266666680574,1]},"o":{"a":0,"k":100},"r":1,"bm":0,"nm":"Fill 1","hd":false},{"ty":"tr","p":{"a":0,"k":[0,0]},"a":{"a":0,"k":[0,0]},"s":{"a":0,"k":[100,100]},"r":{"a":0,"k":0},"o":{"a":0,"k":100},"sk":{"a":0,"k":0},"sa":{"a":0,"k":0},"nm":"Transform"}],"nm":"Group 1","bm":0,"hd":false},{"ty":"gr","it":[{"ind":0,"ty":"sh","ks":{"a":0,"k":{"i":[[-2.19,-11.58],[11.58,-2.19],[2.19,11.58],[-11.58,2.19]],"o":[[2.19,11.58],[-11.58,2.19],[-2.19,-11.58],[11.58,-2.19]],"v":[[471.136,234.348],[454.135,259.279],[429.203,242.277],[446.205,217.346]],"c":true}},"nm":"Path 1","hd":false},{"ty":"fl","c":{"a":0,"k":[1,1,1,1]},"o":{"a":0,"k":100},"r":1,"bm":0,"nm":"Fill 1","hd":false},{"ty":"tr","p":{"a":0,"k":[0,0]},"a":{"a":0,"k":[0,0]},"s":{"a":0,"k":[100,100]},"r":{"a":0,"k":0},"o":{"a":0,"k":100},"sk":{"a":0,"k":0},"sa":{"a":0,"k":0},"nm":"Transform"}],"nm":"Group 2","bm":0,"hd":false},{"ty":"tr","p":{"a":0,"k":[0,0]},"a":{"a":0,"k":[0,0]},"s":{"a":0,"k":[100,100]},"r":{"a":0,"k":0},"o":{"a":0,"k":100},"sk":{"a":0,"k":0},"sa":{"a":0,"k":0},"nm":"Transform"}],"nm":"Group 3","bm":0,"hd":false},{"ty":"gr","it":[{"ty":"gr","it":[{"ind":0,"ty":"sh","ks":{"a":0,"k":{"i":[[0,0],[0,0],[0,0],[0,0]],"o":[[0,0],[0,0],[0,0],[0,0]],"v":[[258.806,277.554],[245.53,280.065],[244.414,274.165],[257.691,271.654]],"c":true}},"nm":"Path 1","hd":false},{"ty":"fl","c":{"a":0,"k":[1,0.752941191196,0.266666680574,1]},"o":{"a":0,"k":100},"r":1,"bm":0,"nm":"Fill 1","hd":false},{"ty":"tr","p":{"a":0,"k":[0,0]},"a":{"a":0,"k":[0,0]},"s":{"a":0,"k":[100,100]},"r":{"a":0,"k":0},"o":{"a":0,"k":100},"sk":{"a":0,"k":0},"sa":{"a":0,"k":0},"nm":"Transform"}],"nm":"Group 1","bm":0,"hd":false},{"ty":"gr","it":[{"ind":0,"ty":"sh","ks":{"a":0,"k":{"i":[[0,0],[0,0],[0,0],[0,0]],"o":[[0,0],[0,0],[0,0],[0,0]],"v":[[298.581,270.033],[285.305,272.544],[284.189,266.643],[297.466,264.133]],"c":true}},"nm":"Path 1","hd":false},{"ty":"fl","c":{"a":0,"k":[1,0.752941191196,0.266666680574,1]},"o":{"a":0,"k":100},"r":1,"bm":0,"nm":"Fill 1","hd":false},{"ty":"tr","p":{"a":0,"k":[0,0]},"a":{"a":0,"k":[0,0]},"s":{"a":0,"k":[100,100]},"r":{"a":0,"k":0},"o":{"a":0,"k":100},"sk":{"a":0,"k":0},"sa":{"a":0,"k":0},"nm":"Transform"}],"nm":"Group 2","bm":0,"hd":false},{"ty":"gr","it":[{"ty":"gr","it":[{"ind":0,"ty":"sh","ks":{"a":0,"k":{"i":[[0,0],[0,0],[0,0],[0,0]],"o":[[0,0],[0,0],[0,0],[0,0]],"v":[[288.69,290.448],[282.146,291.686],[274.259,249.976],[280.803,248.739]],"c":true}},"nm":"Path 1","hd":false},{"ty":"fl","c":{"a":0,"k":[1,0.752941191196,0.266666680574,1]},"o":{"a":0,"k":100},"r":1,"bm":0,"nm":"Fill 1","hd":false},{"ty":"tr","p":{"a":0,"k":[0,0]},"a":{"a":0,"k":[0,0]},"s":{"a":0,"k":[100,100]},"r":{"a":0,"k":0},"o":{"a":0,"k":100},"sk":{"a":0,"k":0},"sa":{"a":0,"k":0},"nm":"Transform"}],"nm":"Group 1","bm":0,"hd":false},{"ty":"gr","it":[{"ind":0,"ty":"sh","ks":{"a":0,"k":{"i":[[0,0],[0,0],[0,0],[0,0]],"o":[[0,0],[0,0],[0,0],[0,0]],"v":[[268.736,294.221],[262.192,295.459],[254.305,253.749],[260.849,252.512]],"c":true}},"nm":"Path 1","hd":false},{"ty":"fl","c":{"a":0,"k":[1,0.752941191196,0.266666680574,1]},"o":{"a":0,"k":100},"r":1,"bm":0,"nm":"Fill 1","hd":false},{"ty":"tr","p":{"a":0,"k":[0,0]},"a":{"a":0,"k":[0,0]},"s":{"a":0,"k":[100,100]},"r":{"a":0,"k":0},"o":{"a":0,"k":100},"sk":{"a":0,"k":0},"sa":{"a":0,"k":0},"nm":"Transform"}],"nm":"Group 2","bm":0,"hd":false},{"ty":"tr","p":{"a":0,"k":[0,0]},"a":{"a":0,"k":[0,0]},"s":{"a":0,"k":[100,100]},"r":{"a":0,"k":0},"o":{"a":0,"k":100},"sk":{"a":0,"k":0},"sa":{"a":0,"k":0},"nm":"Transform"}],"nm":"Group 3","bm":0,"hd":false},{"ty":"gr","it":[{"ind":0,"ty":"sh","ks":{"a":0,"k":{"i":[[3.334,-0.63],[0,0],[0.63,3.334],[0,0],[-3.334,0.63],[0,0],[-0.63,-3.334],[0,0]],"o":[[0,0],[-3.334,0.63],[0,0],[-0.63,-3.334],[0,0],[3.334,-0.63],[0,0],[0.63,3.334]],"v":[[295.93,289.079],[254.952,296.828],[247.774,291.933],[242.17,262.297],[247.065,255.118],[288.043,247.37],[295.221,252.265],[300.826,281.901]],"c":true}},"nm":"Path 1","hd":false},{"ty":"fl","c":{"a":0,"k":[1,1,1,1]},"o":{"a":0,"k":100},"r":1,"bm":0,"nm":"Fill 1","hd":false},{"ty":"tr","p":{"a":0,"k":[0,0]},"a":{"a":0,"k":[0,0]},"s":{"a":0,"k":[100,100]},"r":{"a":0,"k":0},"o":{"a":0,"k":100},"sk":{"a":0,"k":0},"sa":{"a":0,"k":0},"nm":"Transform"}],"nm":"Group 4","bm":0,"hd":false},{"ty":"tr","p":{"a":0,"k":[0,0]},"a":{"a":0,"k":[0,0]},"s":{"a":0,"k":[100,100]},"r":{"a":0,"k":0},"o":{"a":0,"k":100},"sk":{"a":0,"k":0},"sa":{"a":0,"k":0},"nm":"Transform"}],"nm":"Group 4","bm":0,"hd":false},{"ty":"tr","p":{"a":0,"k":[0,0]},"a":{"a":0,"k":[0,0]},"s":{"a":0,"k":[100,100]},"r":{"a":0,"k":0},"o":{"a":0,"k":100},"sk":{"a":0,"k":0},"sa":{"a":0,"k":0},"nm":"Transform"}],"nm":"Group 1","bm":0,"hd":false},{"ty":"gr","it":[{"ind":0,"ty":"sh","ks":{"a":0,"k":{"i":[[9.75,-1.844],[0,0],[1.844,9.75],[0,0],[-9.75,1.844],[0,0],[-1.844,-9.75],[0,0]],"o":[[0,0],[-9.75,1.844],[0,0],[-1.844,-9.75],[0,0],[9.75,-1.844],[0,0],[1.844,9.75]],"v":[[551.524,372.589],[252.78,429.08],[231.787,414.764],[198.405,238.235],[212.722,217.241],[511.466,160.75],[532.459,175.066],[565.84,351.595]],"c":true}},"nm":"Path 1","hd":false},{"ty":"fl","c":{"a":0,"k":[0.274509817362,0.51372551918,0.92549020052,1]},"o":{"a":0,"k":100},"r":1,"bm":0,"nm":"Fill 1","hd":false},{"ty":"tr","p":{"a":0,"k":[0,0]},"a":{"a":0,"k":[0,0]},"s":{"a":0,"k":[100,100]},"r":{"a":0,"k":0},"o":{"a":0,"k":100},"sk":{"a":0,"k":0},"sa":{"a":0,"k":0},"nm":"Transform"}],"nm":"Group 2","bm":0,"hd":false}],"ip":0,"op":109,"st":0,"bm":0},{"ddd":0,"ind":23,"ty":4,"nm":"Isolation Mode","sr":1,"ks":{"o":{"a":0,"k":100},"r":{"k":[{"s":[0.711],"t":0,"i":{"x":[1],"y":[1]},"o":{"x":[0],"y":[0]}},{"s":[0.916],"t":1,"i":{"x":[1],"y":[1]},"o":{"x":[0],"y":[0]}},{"s":[1.121],"t":2,"i":{"x":[1],"y":[1]},"o":{"x":[0],"y":[0]}},{"s":[1.326],"t":3,"i":{"x":[1],"y":[1]},"o":{"x":[0],"y":[0]}},{"s":[1.53],"t":4,"i":{"x":[1],"y":[1]},"o":{"x":[0],"y":[0]}},{"s":[1.731],"t":5,"i":{"x":[1],"y":[1]},"o":{"x":[0],"y":[0]}},{"s":[1.93],"t":6,"i":{"x":[1],"y":[1]},"o":{"x":[0],"y":[0]}},{"s":[2.125],"t":7,"i":{"x":[1],"y":[1]},"o":{"x":[0],"y":[0]}},{"s":[2.317],"t":8,"i":{"x":[1],"y":[1]},"o":{"x":[0],"y":[0]}},{"s":[2.503],"t":9,"i":{"x":[1],"y":[1]},"o":{"x":[0],"y":[0]}},{"s":[2.684],"t":10,"i":{"x":[1],"y":[1]},"o":{"x":[0],"y":[0]}},{"s":[2.858],"t":11,"i":{"x":[1],"y":[1]},"o":{"x":[0],"y":[0]}},{"s":[3.026],"t":12,"i":{"x":[1],"y":[1]},"o":{"x":[0],"y":[0]}},{"s":[3.187],"t":13,"i":{"x":[1],"y":[1]},"o":{"x":[0],"y":[0]}},{"s":[3.34],"t":14,"i":{"x":[1],"y":[1]},"o":{"x":[0],"y":[0]}},{"s":[3.485],"t":15,"i":{"x":[1],"y":[1]},"o":{"x":[0],"y":[0]}},{"s":[3.62],"t":16,"i":{"x":[1],"y":[1]},"o":{"x":[0],"y":[0]}},{"s":[3.747],"t":17,"i":{"x":[1],"y":[1]},"o":{"x":[0],"y":[0]}},{"s":[3.864],"t":18,"i":{"x":[1],"y":[1]},"o":{"x":[0],"y":[0]}},{"s":[3.972],"t":19,"i":{"x":[1],"y":[1]},"o":{"x":[0],"y":[0]}},{"s":[4.069],"t":20,"i":{"x":[1],"y":[1]},"o":{"x":[0],"y":[0]}},{"s":[4.155],"t":21,"i":{"x":[1],"y":[1]},"o":{"x":[0],"y":[0]}},{"s":[4.231],"t":22,"i":{"x":[1],"y":[1]},"o":{"x":[0],"y":[0]}},{"s":[4.296],"t":23,"i":{"x":[1],"y":[1]},"o":{"x":[0],"y":[0]}},{"s":[4.349],"t":24,"i":{"x":[1],"y":[1]},"o":{"x":[0],"y":[0]}},{"s":[4.392],"t":25,"i":{"x":[1],"y":[1]},"o":{"x":[0],"y":[0]}},{"s":[4.424],"t":26,"i":{"x":[1],"y":[1]},"o":{"x":[0],"y":[0]}},{"s":[4.444],"t":27,"i":{"x":[1],"y":[1]},"o":{"x":[0],"y":[0]}},{"s":[4.453],"t":28,"i":{"x":[1],"y":[1]},"o":{"x":[0],"y":[0]}},{"s":[4.452],"t":29,"i":{"x":[1],"y":[1]},"o":{"x":[0],"y":[0]}},{"s":[4.44],"t":30,"i":{"x":[1],"y":[1]},"o":{"x":[0],"y":[0]}},{"s":[4.417],"t":31,"i":{"x":[1],"y":[1]},"o":{"x":[0],"y":[0]}},{"s":[4.384],"t":32,"i":{"x":[1],"y":[1]},"o":{"x":[0],"y":[0]}},{"s":[4.341],"t":33,"i":{"x":[1],"y":[1]},"o":{"x":[0],"y":[0]}},{"s":[4.289],"t":34,"i":{"x":[1],"y":[1]},"o":{"x":[0],"y":[0]}},{"s":[4.228],"t":35,"i":{"x":[1],"y":[1]},"o":{"x":[0],"y":[0]}},{"s":[4.159],"t":36,"i":{"x":[1],"y":[1]},"o":{"x":[0],"y":[0]}},{"s":[4.082],"t":37,"i":{"x":[1],"y":[1]},"o":{"x":[0],"y":[0]}},{"s":[3.998],"t":38,"i":{"x":[1],"y":[1]},"o":{"x":[0],"y":[0]}},{"s":[3.908],"t":39,"i":{"x":[1],"y":[1]},"o":{"x":[0],"y":[0]}},{"s":[3.813],"t":40,"i":{"x":[1],"y":[1]},"o":{"x":[0],"y":[0]}},{"s":[3.713],"t":41,"i":{"x":[1],"y":[1]},"o":{"x":[0],"y":[0]}},{"s":[3.609],"t":42,"i":{"x":[1],"y":[1]},"o":{"x":[0],"y":[0]}},{"s":[3.498],"t":43,"i":{"x":[1],"y":[1]},"o":{"x":[0],"y":[0]}},{"s":[3.381],"t":44,"i":{"x":[1],"y":[1]},"o":{"x":[0],"y":[0]}},{"s":[3.259],"t":45,"i":{"x":[1],"y":[1]},"o":{"x":[0],"y":[0]}},{"s":[3.131],"t":46,"i":{"x":[1],"y":[1]},"o":{"x":[0],"y":[0]}},{"s":[2.999],"t":47,"i":{"x":[1],"y":[1]},"o":{"x":[0],"y":[0]}},{"s":[2.861],"t":48,"i":{"x":[1],"y":[1]},"o":{"x":[0],"y":[0]}},{"s":[2.72],"t":49,"i":{"x":[1],"y":[1]},"o":{"x":[0],"y":[0]}},{"s":[2.575],"t":50,"i":{"x":[1],"y":[1]},"o":{"x":[0],"y":[0]}},{"s":[2.431],"t":51,"i":{"x":[1],"y":[1]},"o":{"x":[0],"y":[0]}},{"s":[2.296],"t":52,"i":{"x":[1],"y":[1]},"o":{"x":[0],"y":[0]}},{"s":[2.168],"t":53,"i":{"x":[1],"y":[1]},"o":{"x":[0],"y":[0]}},{"s":[2.048],"t":54,"i":{"x":[1],"y":[1]},"o":{"x":[0],"y":[0]}},{"s":[1.935],"t":55,"i":{"x":[1],"y":[1]},"o":{"x":[0],"y":[0]}},{"s":[1.829],"t":56,"i":{"x":[1],"y":[1]},"o":{"x":[0],"y":[0]}},{"s":[1.729],"t":57,"i":{"x":[1],"y":[1]},"o":{"x":[0],"y":[0]}},{"s":[1.635],"t":58,"i":{"x":[1],"y":[1]},"o":{"x":[0],"y":[0]}},{"s":[1.546],"t":59,"i":{"x":[1],"y":[1]},"o":{"x":[0],"y":[0]}},{"s":[1.463],"t":60,"i":{"x":[1],"y":[1]},"o":{"x":[0],"y":[0]}},{"s":[1.385],"t":61,"i":{"x":[1],"y":[1]},"o":{"x":[0],"y":[0]}},{"s":[1.312],"t":62,"i":{"x":[1],"y":[1]},"o":{"x":[0],"y":[0]}},{"s":[1.243],"t":63,"i":{"x":[1],"y":[1]},"o":{"x":[0],"y":[0]}},{"s":[1.179],"t":64,"i":{"x":[1],"y":[1]},"o":{"x":[0],"y":[0]}},{"s":[1.119],"t":65,"i":{"x":[1],"y":[1]},"o":{"x":[0],"y":[0]}},{"s":[1.064],"t":66,"i":{"x":[1],"y":[1]},"o":{"x":[0],"y":[0]}},{"s":[1.012],"t":67,"i":{"x":[1],"y":[1]},"o":{"x":[0],"y":[0]}},{"s":[0.963],"t":68,"i":{"x":[1],"y":[1]},"o":{"x":[0],"y":[0]}},{"s":[0.919],"t":69,"i":{"x":[1],"y":[1]},"o":{"x":[0],"y":[0]}},{"s":[0.877],"t":70,"i":{"x":[1],"y":[1]},"o":{"x":[0],"y":[0]}},{"s":[0.839],"t":71,"i":{"x":[1],"y":[1]},"o":{"x":[0],"y":[0]}},{"s":[0.805],"t":72,"i":{"x":[1],"y":[1]},"o":{"x":[0],"y":[0]}},{"s":[0.773],"t":73,"i":{"x":[1],"y":[1]},"o":{"x":[0],"y":[0]}},{"s":[0.745],"t":74,"i":{"x":[1],"y":[1]},"o":{"x":[0],"y":[0]}},{"s":[0.72],"t":75,"i":{"x":[1],"y":[1]},"o":{"x":[0],"y":[0]}},{"s":[0.697],"t":76,"i":{"x":[1],"y":[1]},"o":{"x":[0],"y":[0]}},{"s":[0.678],"t":77,"i":{"x":[1],"y":[1]},"o":{"x":[0],"y":[0]}},{"s":[0.661],"t":78,"i":{"x":[1],"y":[1]},"o":{"x":[0],"y":[0]}},{"s":[0.648],"t":79,"i":{"x":[1],"y":[1]},"o":{"x":[0],"y":[0]}},{"s":[0.637],"t":80,"i":{"x":[1],"y":[1]},"o":{"x":[0],"y":[0]}},{"s":[0.63],"t":81,"i":{"x":[1],"y":[1]},"o":{"x":[0],"y":[0]}},{"s":[0.625],"t":82,"i":{"x":[1],"y":[1]},"o":{"x":[0],"y":[0]}},{"s":[0.623],"t":83,"i":{"x":[1],"y":[1]},"o":{"x":[0],"y":[0]}},{"s":[0.624],"t":84,"i":{"x":[1],"y":[1]},"o":{"x":[0],"y":[0]}},{"s":[0.627],"t":85,"i":{"x":[1],"y":[1]},"o":{"x":[0],"y":[0]}},{"s":[0.634],"t":86,"i":{"x":[1],"y":[1]},"o":{"x":[0],"y":[0]}},{"s":[0.643],"t":87,"i":{"x":[1],"y":[1]},"o":{"x":[0],"y":[0]}},{"s":[0.656],"t":88,"i":{"x":[1],"y":[1]},"o":{"x":[0],"y":[0]}},{"s":[0.671],"t":89,"i":{"x":[1],"y":[1]},"o":{"x":[0],"y":[0]}},{"s":[0.69],"t":90,"i":{"x":[1],"y":[1]},"o":{"x":[0],"y":[0]}}]},"p":{"a":0,"k":[1043.253,922.732,0]},"a":{"a":0,"k":[243.253,122.732,0]},"s":{"a":0,"k":[100,100,100]}},"ao":0,"shapes":[{"ty":"gr","it":[{"ty":"gr","it":[{"ind":0,"ty":"sh","ks":{"a":0,"k":{"i":[[1.115,-1.228],[0,0],[1.228,1.115],[0,0],[-1.115,1.228],[0,0],[-1.228,-1.115],[0,0]],"o":[[0,0],[-1.115,1.228],[0,0],[-1.228,-1.115],[0,0],[1.115,-1.228],[0,0],[1.228,1.115]],"v":[[302.735,95.467],[294.844,104.157],[290.602,104.361],[284.01,98.375],[283.806,94.133],[291.697,85.443],[295.939,85.239],[302.531,91.225]],"c":true}},"nm":"Path 1","hd":false},{"ty":"fl","c":{"a":0,"k":[1,1,1,1]},"o":{"a":0,"k":100},"r":1,"bm":0,"nm":"Fill 1","hd":false},{"ty":"tr","p":{"a":0,"k":[0,0]},"a":{"a":0,"k":[0,0]},"s":{"a":0,"k":[100,100]},"r":{"a":0,"k":0},"o":{"a":0,"k":100},"sk":{"a":0,"k":0},"sa":{"a":0,"k":0},"nm":"Transform"}],"nm":"Group 1","bm":0,"hd":false},{"ty":"gr","it":[{"ind":0,"ty":"sh","ks":{"a":0,"k":{"i":[[1.115,-1.228],[0,0],[1.228,1.115],[0,0],[-1.115,1.228],[0,0],[-1.228,-1.115],[0,0]],"o":[[0,0],[-1.115,1.228],[0,0],[-1.228,-1.115],[0,0],[1.115,-1.228],[0,0],[1.228,1.115]],"v":[[278.007,122.698],[270.116,131.388],[265.874,131.592],[259.282,125.606],[259.078,121.364],[266.969,112.674],[271.211,112.47],[277.803,118.456]],"c":true}},"nm":"Path 1","hd":false},{"ty":"fl","c":{"a":0,"k":[1,1,1,1]},"o":{"a":0,"k":100},"r":1,"bm":0,"nm":"Fill 1","hd":false},{"ty":"tr","p":{"a":0,"k":[0,0]},"a":{"a":0,"k":[0,0]},"s":{"a":0,"k":[100,100]},"r":{"a":0,"k":0},"o":{"a":0,"k":100},"sk":{"a":0,"k":0},"sa":{"a":0,"k":0},"nm":"Transform"}],"nm":"Group 2","bm":0,"hd":false},{"ty":"gr","it":[{"ind":0,"ty":"sh","ks":{"a":0,"k":{"i":[[1.115,-1.228],[0,0],[1.228,1.115],[0,0],[-1.115,1.228],[0,0],[-1.228,-1.115],[0,0]],"o":[[0,0],[-1.115,1.228],[0,0],[-1.228,-1.115],[0,0],[1.115,-1.228],[0,0],[1.228,1.115]],"v":[[253.279,149.929],[245.388,158.618],[241.146,158.823],[234.554,152.837],[234.35,148.595],[242.241,139.905],[246.483,139.701],[253.075,145.687]],"c":true}},"nm":"Path 1","hd":false},{"ty":"fl","c":{"a":0,"k":[1,1,1,1]},"o":{"a":0,"k":100},"r":1,"bm":0,"nm":"Fill 1","hd":false},{"ty":"tr","p":{"a":0,"k":[0,0]},"a":{"a":0,"k":[0,0]},"s":{"a":0,"k":[100,100]},"r":{"a":0,"k":0},"o":{"a":0,"k":100},"sk":{"a":0,"k":0},"sa":{"a":0,"k":0},"nm":"Transform"}],"nm":"Group 3","bm":0,"hd":false},{"ty":"gr","it":[{"ind":0,"ty":"sh","ks":{"a":0,"k":{"i":[[1.115,-1.228],[0,0],[1.228,1.115],[0,0],[-1.115,1.228],[0,0],[-1.228,-1.115],[0,0]],"o":[[0,0],[-1.115,1.228],[0,0],[-1.228,-1.115],[0,0],[1.115,-1.228],[0,0],[1.228,1.115]],"v":[[244.167,223.076],[204.897,266.32],[200.655,266.524],[194.063,260.538],[193.859,256.296],[233.129,213.052],[237.37,212.848],[243.962,218.834]],"c":true}},"nm":"Path 1","hd":false},{"ty":"fl","c":{"a":0,"k":[1,1,1,1]},"o":{"a":0,"k":100},"r":1,"bm":0,"nm":"Fill 1","hd":false},{"ty":"tr","p":{"a":0,"k":[0,0]},"a":{"a":0,"k":[0,0]},"s":{"a":0,"k":[100,100]},"r":{"a":0,"k":0},"o":{"a":0,"k":100},"sk":{"a":0,"k":0},"sa":{"a":0,"k":0},"nm":"Transform"}],"nm":"Group 4","bm":0,"hd":false},{"ty":"gr","it":[{"ind":0,"ty":"sh","ks":{"a":0,"k":{"i":[[1.115,-1.228],[0,0],[1.228,1.115],[0,0],[-1.115,1.228],[0,0],[-1.228,-1.115],[0,0]],"o":[[0,0],[-1.115,1.228],[0,0],[-1.228,-1.115],[0,0],[1.115,-1.228],[0,0],[1.228,1.115]],"v":[[228.551,177.16],[173.487,237.796],[169.245,238.001],[162.653,232.015],[162.449,227.773],[217.513,167.136],[221.755,166.932],[228.347,172.918]],"c":true}},"nm":"Path 1","hd":false},{"ty":"fl","c":{"a":0,"k":[1,1,1,1]},"o":{"a":0,"k":100},"r":1,"bm":0,"nm":"Fill 1","hd":false},{"ty":"tr","p":{"a":0,"k":[0,0]},"a":{"a":0,"k":[0,0]},"s":{"a":0,"k":[100,100]},"r":{"a":0,"k":0},"o":{"a":0,"k":100},"sk":{"a":0,"k":0},"sa":{"a":0,"k":0},"nm":"Transform"}],"nm":"Group 5","bm":0,"hd":false},{"ty":"tr","p":{"a":0,"k":[0,0]},"a":{"a":0,"k":[0,0]},"s":{"a":0,"k":[100,100]},"r":{"a":0,"k":0},"o":{"a":0,"k":100},"sk":{"a":0,"k":0},"sa":{"a":0,"k":0},"nm":"Transform"}],"nm":"Group 1","bm":0,"hd":false},{"ty":"gr","it":[{"ind":0,"ty":"sh","ks":{"a":0,"k":{"i":[[0,0],[0,0],[0,0],[0,0]],"o":[[0,0],[0,0],[0,0],[0,0]],"v":[[349.003,-10.854],[120.449,240.831],[83.098,206.913],[311.652,-44.772]],"c":true}},"nm":"Path 1","hd":false},{"ty":"fl","c":{"a":0,"k":[0.007843137719,0.007843137719,0.007843137719,1]},"o":{"a":0,"k":100},"r":1,"bm":0,"nm":"Fill 1","hd":false},{"ty":"tr","p":{"a":0,"k":[0,0]},"a":{"a":0,"k":[0,0]},"s":{"a":0,"k":[100,100]},"r":{"a":0,"k":0},"o":{"a":0,"k":100},"sk":{"a":0,"k":0},"sa":{"a":0,"k":0},"nm":"Transform"}],"nm":"Group 2","bm":0,"hd":false},{"ty":"gr","it":[{"ind":0,"ty":"sh","ks":{"a":0,"k":{"i":[[6.671,-7.346],[0,0],[7.346,6.671],[0,0],[-6.671,7.346],[0,0],[-7.346,-6.671],[0,0]],"o":[[0,0],[-6.671,7.346],[0,0],[-7.346,-6.671],[0,0],[6.671,-7.346],[0,0],[7.346,6.671]],"v":[[425.253,82.659],[220.857,307.741],[195.477,308.963],[62.475,188.185],[61.252,162.804],[265.648,-62.277],[291.029,-63.5],[424.031,57.279]],"c":true}},"nm":"Path 1","hd":false},{"ty":"fl","c":{"a":0,"k":[1,0.752941191196,0.266666680574,1]},"o":{"a":0,"k":100},"r":1,"bm":0,"nm":"Fill 1","hd":false},{"ty":"tr","p":{"a":0,"k":[0,0]},"a":{"a":0,"k":[0,0]},"s":{"a":0,"k":[100,100]},"r":{"a":0,"k":0},"o":{"a":0,"k":100},"sk":{"a":0,"k":0},"sa":{"a":0,"k":0},"nm":"Transform"}],"nm":"Group 3","bm":0,"hd":false}],"ip":0,"op":109,"st":0,"bm":0}],"markers":[]}