{"v":"5.7.14","fr":30,"ip":0,"op":25,"w":576,"h":576,"nm":"Happy 1","ddd":0,"assets":[],"layers":[{"ddd":0,"ind":1,"ty":4,"nm":"Layer 4","parent":4,"sr":1,"ks":{"o":{"a":0,"k":100},"r":{"a":0,"k":0},"p":{"a":0,"k":[0.43,71.785,0]},"a":{"a":0,"k":[0,0,0]},"s":{"a":0,"k":[100,100,100]}},"ao":0,"shapes":[{"ty":"gr","it":[{"ind":0,"ty":"sh","ks":{"a":1,"k":[{"i":{"x":0.3,"y":1},"o":{"x":0.333,"y":0},"t":4,"s":[{"i":[[0,0],[30.993,0],[12.433,26.308]],"o":[[-12.433,26.308],[-30.993,0],[0,0]],"v":[[70.198,-22.241],[0,22.241],[-70.198,-22.241]],"c":false}]},{"i":{"x":0.667,"y":1},"o":{"x":0.7,"y":0},"t":14,"s":[{"i":[[0,0],[30.993,0],[10.018,27.885]],"o":[[-8.627,27.635],[-30.993,0],[0,0]],"v":[[57.698,-45.42],[0,-0.938],[-57.698,-45.42]],"c":false}]},{"t":24,"s":[{"i":[[0,0],[30.993,0],[12.433,26.308]],"o":[[-12.433,26.308],[-30.993,0],[0,0]],"v":[[70.198,-22.241],[0,22.241],[-70.198,-22.241]],"c":false}]}]},"nm":"Path 1","hd":false},{"ty":"st","c":{"a":0,"k":[1,0.337254911661,0.250980407,1]},"o":{"a":0,"k":100},"w":{"a":0,"k":17.5},"lc":2,"lj":2,"bm":0,"nm":"Stroke 1","hd":false},{"ty":"tr","p":{"a":0,"k":[0,0]},"a":{"a":0,"k":[0,0]},"s":{"a":0,"k":[100,100]},"r":{"a":0,"k":0},"o":{"a":0,"k":100},"sk":{"a":0,"k":0},"sa":{"a":0,"k":0},"nm":"Transform"}],"nm":"Group 1","bm":0,"hd":false}],"ip":0,"op":150,"st":0,"bm":0},{"ddd":0,"ind":2,"ty":4,"nm":"Layer 3","parent":4,"sr":1,"ks":{"o":{"a":0,"k":100},"r":{"a":0,"k":0},"p":{"a":1,"k":[{"i":{"x":0.3,"y":1},"o":{"x":0.333,"y":0},"t":2,"s":[59.653,-65.918,0],"to":[0,-5,0],"ti":[0,0,0]},{"i":{"x":0.667,"y":1},"o":{"x":0.7,"y":0},"t":12,"s":[59.653,-95.918,0],"to":[0,0,0],"ti":[0,-5,0]},{"t":22,"s":[59.653,-65.918,0]}]},"a":{"a":0,"k":[0,0,0]},"s":{"a":0,"k":[100,100,100]}},"ao":0,"shapes":[{"ty":"gr","it":[{"ind":0,"ty":"sh","ks":{"a":0,"k":{"i":[[0,0],[0,0],[-15.889,-15.889],[0,0]],"o":[[0,0],[15.889,-15.889],[0,0],[0,0]],"v":[[-28.769,5.958],[-28.769,5.958],[28.769,5.958],[28.769,5.958]],"c":false}},"nm":"Path 1","hd":false},{"ty":"st","c":{"a":0,"k":[0.031372550875,0.031372550875,0.031372550875,1]},"o":{"a":0,"k":100},"w":{"a":0,"k":17.5},"lc":2,"lj":2,"bm":0,"nm":"Stroke 1","hd":false},{"ty":"tr","p":{"a":0,"k":[0,0]},"a":{"a":0,"k":[0,0]},"s":{"a":0,"k":[100,100]},"r":{"a":0,"k":0},"o":{"a":0,"k":100},"sk":{"a":0,"k":0},"sa":{"a":0,"k":0},"nm":"Transform"}],"nm":"Group 1","bm":0,"hd":false}],"ip":0,"op":150,"st":0,"bm":0},{"ddd":0,"ind":3,"ty":4,"nm":"Layer 2","parent":4,"sr":1,"ks":{"o":{"a":0,"k":100},"r":{"a":0,"k":0},"p":{"a":1,"k":[{"i":{"x":0.3,"y":1},"o":{"x":0.333,"y":0},"t":2,"s":[-59.653,-66.168,0],"to":[0,-5,0],"ti":[0,0,0]},{"i":{"x":0.667,"y":1},"o":{"x":0.7,"y":0},"t":12,"s":[-59.653,-96.168,0],"to":[0,0,0],"ti":[0,-5,0]},{"t":22,"s":[-59.653,-66.168,0]}]},"a":{"a":0,"k":[0,0,0]},"s":{"a":0,"k":[100,100,100]}},"ao":0,"shapes":[{"ty":"gr","it":[{"ind":0,"ty":"sh","ks":{"a":0,"k":{"i":[[0,0],[0,0],[-15.889,-15.889],[0,0]],"o":[[0,0],[15.889,-15.889],[0,0],[0,0]],"v":[[-28.769,5.958],[-28.769,5.958],[28.769,5.958],[28.769,5.958]],"c":false}},"nm":"Path 1","hd":false},{"ty":"st","c":{"a":0,"k":[0.031372550875,0.031372550875,0.031372550875,1]},"o":{"a":0,"k":100},"w":{"a":0,"k":17.5},"lc":2,"lj":2,"bm":0,"nm":"Stroke 1","hd":false},{"ty":"tr","p":{"a":0,"k":[0,0]},"a":{"a":0,"k":[0,0]},"s":{"a":0,"k":[100,100]},"r":{"a":0,"k":0},"o":{"a":0,"k":100},"sk":{"a":0,"k":0},"sa":{"a":0,"k":0},"nm":"Transform"}],"nm":"Group 1","bm":0,"hd":false}],"ip":0,"op":150,"st":0,"bm":0},{"ddd":0,"ind":4,"ty":4,"nm":"Layer 1","sr":1,"ks":{"o":{"a":0,"k":100},"r":{"a":0,"k":0},"p":{"a":1,"k":[{"i":{"x":0.3,"y":1},"o":{"x":0.333,"y":0},"t":0,"s":[288,468,0],"to":[0,-5,0],"ti":[0,0,0]},{"i":{"x":0.667,"y":1},"o":{"x":0.7,"y":0},"t":10,"s":[288,438,0],"to":[0,0,0],"ti":[0,-5,0]},{"t":20,"s":[288,468,0]}]},"a":{"a":0,"k":[0,180,0]},"s":{"a":0,"k":[100,100,100]}},"ao":0,"shapes":[{"ty":"gr","it":[{"ind":0,"ty":"sh","ks":{"a":0,"k":{"i":[[0,0],[0,-40.785],[99.411,0],[0,99.411],[-99.411,0],[-30.438,-23.572]],"o":[[22.864,30.183],[0,99.411],[-99.411,0],[0,-99.411],[41.477,0],[0,0]],"v":[[143.572,-108.585],[180,0],[0,180],[-180,0],[0,-180],[110.115,-142.4]],"c":false}},"nm":"Path 1","hd":false},{"ty":"st","c":{"a":0,"k":[0.031372550875,0.031372550875,0.031372550875,1]},"o":{"a":0,"k":100},"w":{"a":0,"k":17.5},"lc":2,"lj":2,"bm":0,"nm":"Stroke 1","hd":false},{"ty":"tr","p":{"a":0,"k":[0,0]},"a":{"a":0,"k":[0,0]},"s":{"a":0,"k":[100,100]},"r":{"a":0,"k":0},"o":{"a":0,"k":100},"sk":{"a":0,"k":0},"sa":{"a":0,"k":0},"nm":"Transform"}],"nm":"Group 1","bm":0,"hd":false}],"ip":0,"op":150,"st":0,"bm":0}],"markers":[]}